Company Name,Topic,Intent Score,Week Of
Stellar Corp,Remote Work Tools,45,2026-06-12
Bluepeak Corp,Cloud Infrastructure Pricing,73,2026-07-09
Echo Holdings,Data Security Compliance,21,2026-07-05
Delta Holdings,Marketing Automation Tools,43,2026-07-08
Landmark Systems,Remote Work Tools,30,2026-01-28
Quartz Systems,Data Security Compliance,19,2025-12-30
Foundry Systems,Cloud Migration,58,2026-03-03
Acme Partners,Marketing Automation Tools,27,2025-11-18
Solstice Holdings,Cloud Infrastructure Pricing,70,2026-04-09
Gatepost Solutions,Remote Work Tools,34,2026-05-25
Zenith Corp,Cloud Migration,76,2026-07-09
Summit Solutions,Cloud Migration,88,2026-01-31
Parallel Holdings,Data Security Compliance,20,2026-01-14
Landmark Systems,General Industry News,11,2026-05-08
Summit Networks,Remote Work Tools,22,2025-11-01
Acme Partners,General Industry News,19,2026-05-10
Stellar Systems,Marketing Automation Tools,28,2026-01-26
Compass Partners,Cloud Infrastructure Pricing,14,2026-07-14
Questline Systems,Cloud Infrastructure Pricing,13,2026-06-14
Prairie Technologies,Cloud Migration,79,2026-01-24
Ridgeline Labs,Marketing Automation Tools,43,2026-06-07
Wavelength Holdings,Marketing Automation Tools,47,2026-01-12
Orbit Labs,Marketing Automation Tools,53,2026-06-07
Nightingale Inc,Data Security Compliance,41,2026-01-30
Compass Partners,Cloud Migration,11,2025-11-04
Foundry Systems,AI/ML Platform Evaluation,15,2025-12-04
Highmark Holdings,Data Security Compliance,25,2025-12-10
Solstice Networks,Marketing Automation Tools,35,2026-01-19
Vireo Holdings,Marketing Automation Tools,20,2026-04-08
Globex Inc,General Industry News,36,2025-12-26
Quartz Systems,Cloud Migration,76,2026-07-17
Umbrella Systems,AI/ML Platform Evaluation,14,2026-06-26
Parallel Holdings,General Industry News,25,2025-12-27
Orbit Labs,Marketing Automation Tools,57,2025-12-19
Axiom Corp,Remote Work Tools,57,2026-02-22
Ivy Corp,Marketing Automation Tools,10,2026-05-17
Vantage Partners,AI/ML Platform Evaluation,63,2026-02-24
Vantage Corp,AI/ML Platform Evaluation,23,2026-03-09
Zenith Corp,Cloud Infrastructure Pricing,80,2026-06-28
Questline Corp,General Industry News,20,2026-04-29
Redwood Labs,Marketing Automation Tools,20,2026-04-21
Highmark Holdings,Cloud Migration,94,2026-04-14
Yellowstone Systems,Remote Work Tools,58,2026-04-06
Longview Holdings,Cloud Migration,11,2026-01-18
Quartz Inc,Cloud Infrastructure Pricing,21,2026-07-27
Nightingale Inc,Data Security Compliance,50,2026-03-13
Questline Labs,Marketing Automation Tools,14,2026-06-28
Quartz Inc,Cloud Migration,6,2025-12-16
Zenith Networks,Remote Work Tools,50,2026-06-16
Quartz Inc,AI/ML Platform Evaluation,35,2026-07-21
Inlet Partners,AI/ML Platform Evaluation,29,2026-08-04
Vantage Partners,Remote Work Tools,19,2026-02-21
Vireo Holdings,Cloud Infrastructure Pricing,66,2026-03-27
Vantage Corp,Marketing Automation Tools,56,2026-06-24
Quartz Inc,Cloud Migration,80,2026-06-18
Kingsley Holdings,Cloud Infrastructure Pricing,10,2026-02-20
Compass Networks,Remote Work Tools,29,2025-12-20
Compass Holdings,Cloud Infrastructure Pricing,47,2026-07-26
Beacon Systems,General Industry News,42,2026-02-15
Inlet Partners,General Industry News,13,2025-12-02
Trailhead Solutions,Cloud Migration,11,2026-06-13
Delta Holdings,Marketing Automation Tools,40,2026-08-01
Westbrook Networks,Cloud Migration,79,2026-04-21
Compass Holdings,Cloud Migration,85,2026-06-30
Landmark Systems,General Industry News,55,2026-01-05
Questline Systems,Cloud Migration,17,2026-02-13
Globex Labs,Marketing Automation Tools,10,2026-07-04
Axiom Corp,General Industry News,40,2026-01-21
Riverton Solutions,Cloud Migration,81,2026-01-12
Parallel Partners,Data Security Compliance,28,2026-07-02
Marlin Technologies,Marketing Automation Tools,31,2025-12-25
Yellowstone Systems,General Industry News,51,2025-11-23
Vireo Holdings,Cloud Migration,66,2026-02-01
Kingsley Holdings,Remote Work Tools,20,2026-07-14
Solstice Networks,Cloud Infrastructure Pricing,17,2026-04-17
Stellar Corp,Cloud Infrastructure Pricing,18,2026-08-07
Silverline Corp,Data Security Compliance,19,2026-05-14
Trailhead Solutions,Remote Work Tools,46,2026-05-26
Ridgeline Labs,Marketing Automation Tools,17,2026-02-04
Highmark Holdings,General Industry News,29,2026-03-25
Foundry Systems,AI/ML Platform Evaluation,20,2025-11-06
Vireo Holdings,General Industry News,13,2026-04-24
Solstice Networks,Marketing Automation Tools,11,2025-12-22
Windward Inc,Marketing Automation Tools,13,2026-03-22
Inlet Partners,Remote Work Tools,41,2026-02-10
Juniper Group,General Industry News,21,2026-06-20
Redwood Labs,Marketing Automation Tools,45,2026-08-04
Kingsley Labs,AI/ML Platform Evaluation,29,2026-03-04
Quartz Inc,AI/ML Platform Evaluation,69,2026-07-26
Windward Inc,General Industry News,27,2026-01-11
Highmark Holdings,Cloud Infrastructure Pricing,55,2026-04-05
Quartz Systems,Marketing Automation Tools,34,2026-08-05
Quartz Systems,Marketing Automation Tools,21,2026-06-18
Vantage Corp,Marketing Automation Tools,35,2026-08-05
Solstice Holdings,Cloud Migration,80,2026-04-02
Highmark Holdings,Cloud Infrastructure Pricing,62,2026-03-26
Fairwind Partners,Remote Work Tools,34,2026-05-26
Redwood Labs,Marketing Automation Tools,25,2026-06-16
Bluepeak Corp,Cloud Infrastructure Pricing,51,2026-06-17
Parallel Partners,Cloud Migration,17,2026-02-15
Vantage Corp,Data Security Compliance,8,2026-05-11
Nightingale Inc,General Industry News,26,2026-02-21
Redwood Labs,Remote Work Tools,42,2026-04-28
Compass Networks,Marketing Automation Tools,42,2025-12-09
Compass Networks,General Industry News,57,2025-11-27
Beacon Systems,Marketing Automation Tools,31,2025-11-08
Landmark Systems,Cloud Infrastructure Pricing,66,2026-01-04
Zenith Corp,Cloud Migration,23,2026-01-15
Westbrook Networks,Remote Work Tools,56,2026-06-20
Highmark Holdings,Cloud Infrastructure Pricing,74,2026-02-19
Landmark Systems,Cloud Migration,84,2026-02-12
Longview Networks,Cloud Migration,95,2026-05-26
Globex Labs,Remote Work Tools,43,2026-06-23
Highmark Holdings,Cloud Migration,79,2026-02-22
Openfield Systems,Cloud Infrastructure Pricing,71,2025-12-25
Foundry Systems,AI/ML Platform Evaluation,21,2026-05-06
Solstice Holdings,Cloud Infrastructure Pricing,54,2026-03-11
Upland Partners,Cloud Infrastructure Pricing,19,2026-03-01
Delta Holdings,Cloud Infrastructure Pricing,70,2026-04-29
Longview Networks,Cloud Infrastructure Pricing,24,2026-05-12
Voyage Partners,Marketing Automation Tools,22,2026-02-05
Trailhead Solutions,Data Security Compliance,11,2026-07-14
Vireo Group,Marketing Automation Tools,35,2026-02-17
Crestwood Solutions,Data Security Compliance,22,2026-04-25
Wavelength Holdings,Marketing Automation Tools,55,2026-06-11
Axiom Corp,Data Security Compliance,60,2026-07-21
Upland Partners,Data Security Compliance,77,2026-05-23
Zenith Corp,Marketing Automation Tools,26,2026-03-11
Ironclad Group,General Industry News,15,2025-11-22
Quartz Labs,General Industry News,17,2026-06-29
Echo Holdings,General Industry News,15,2026-03-18
Landmark Corp,General Industry News,48,2026-07-04
Globex Labs,Cloud Infrastructure Pricing,17,2026-07-17
Stellar Corp,Marketing Automation Tools,35,2026-04-25
Compass Networks,Cloud Infrastructure Pricing,82,2026-08-02
Landmark Systems,Data Security Compliance,30,2026-06-16
Quartz Inc,Marketing Automation Tools,53,2026-03-29
Zenith Corp,Remote Work Tools,12,2026-03-24
Ironclad Group,Cloud Infrastructure Pricing,13,2026-04-19
Vantage Partners,General Industry News,27,2026-01-12
Marlin Technologies,Remote Work Tools,55,2026-01-09
Kingsley Labs,Remote Work Tools,35,2026-03-05
Marlin Technologies,Marketing Automation Tools,32,2026-02-21
Juniper Group,Remote Work Tools,12,2025-12-04
Bluepeak Corp,Remote Work Tools,24,2026-02-18
Compass Partners,Cloud Infrastructure Pricing,13,2025-12-11
Nightingale Inc,Data Security Compliance,47,2026-03-02
Ironclad Group,Remote Work Tools,42,2026-05-31
Marlin Technologies,Remote Work Tools,46,2025-11-12
Redwood Corp,Remote Work Tools,12,2026-01-29
Vireo Holdings,Cloud Migration,23,2026-03-05
Solstice Networks,AI/ML Platform Evaluation,27,2026-05-15
Compass Networks,Cloud Infrastructure Pricing,23,2026-01-30
Riverton Solutions,Cloud Migration,56,2025-12-23
Umbrella Systems,General Industry News,32,2026-01-02
Kingsley Holdings,Marketing Automation Tools,10,2026-04-12
Quartz Inc,AI/ML Platform Evaluation,72,2026-06-03
Highmark Holdings,Cloud Infrastructure Pricing,63,2026-04-15
Underhill Networks,Data Security Compliance,24,2025-11-22
Vantage Partners,Marketing Automation Tools,23,2026-06-23
Landmark Systems,AI/ML Platform Evaluation,51,2026-01-19
Echo Holdings,Data Security Compliance,64,2026-06-22
Openfield Holdings,Marketing Automation Tools,42,2025-12-26
Riverton Solutions,Remote Work Tools,32,2026-06-12
Redwood Labs,General Industry News,60,2025-12-05
Globex Inc,AI/ML Platform Evaluation,16,2026-05-05
Solstice Holdings,AI/ML Platform Evaluation,54,2026-04-20
Redwood Corp,General Industry News,17,2026-06-01
Compass Holdings,Remote Work Tools,40,2026-03-10
Questline Corp,Cloud Infrastructure Pricing,49,2026-06-02
Longview Networks,Marketing Automation Tools,35,2026-01-19
Quartz Inc,Cloud Infrastructure Pricing,77,2026-07-20
Compass Partners,Marketing Automation Tools,15,2026-05-27
Voyage Partners,Marketing Automation Tools,40,2025-12-04
Summit Solutions,Cloud Migration,95,2026-01-14
Voyage Partners,Remote Work Tools,39,2026-08-09
Juniper Group,Data Security Compliance,22,2026-05-19
Parallel Inc,Cloud Infrastructure Pricing,6,2025-11-29
Quartz Labs,Cloud Infrastructure Pricing,5,2026-06-07
Kingsley Labs,Remote Work Tools,56,2026-02-01
Compass Holdings,General Industry News,28,2026-03-12
Questline Corp,General Industry News,39,2025-12-11
Delta Holdings,Remote Work Tools,44,2026-02-28
Prairie Technologies,General Industry News,29,2026-03-19
Stellar Corp,General Industry News,12,2025-11-07
Nightingale Inc,Remote Work Tools,57,2026-02-23
Beacon Systems,Remote Work Tools,41,2026-05-03
Bluepeak Corp,Cloud Infrastructure Pricing,12,2026-05-29
Voyage Partners,Marketing Automation Tools,30,2026-01-11
Kingsley Labs,Remote Work Tools,58,2025-12-18
Questline Systems,Marketing Automation Tools,54,2026-03-18
Umbrella Systems,AI/ML Platform Evaluation,33,2026-06-13
Compass Holdings,Marketing Automation Tools,20,2026-06-13
Longview Networks,Marketing Automation Tools,17,2026-02-13
Voyage Partners,Marketing Automation Tools,58,2026-01-01
Marlin Technologies,Remote Work Tools,47,2026-04-30
Quartz Systems,Cloud Migration,56,2026-07-26
Compass Holdings,Data Security Compliance,27,2026-01-18
Upland Partners,Data Security Compliance,76,2026-04-09
Gatepost Partners,Cloud Migration,6,2026-03-05
Summit Networks,Remote Work Tools,38,2026-01-23
Umbrella Systems,AI/ML Platform Evaluation,59,2026-03-18
Gatepost Partners,AI/ML Platform Evaluation,21,2026-07-05
Summit Networks,Data Security Compliance,15,2025-12-09
Vantage Partners,Cloud Infrastructure Pricing,57,2026-03-14
Acme Partners,AI/ML Platform Evaluation,20,2026-07-23
Echo Holdings,Data Security Compliance,45,2026-06-25
Umbrella Systems,Cloud Infrastructure Pricing,51,2026-03-05
Landmark Systems,Cloud Infrastructure Pricing,60,2026-01-01
Crestwood Solutions,Cloud Infrastructure Pricing,14,2026-02-25
Vantage Partners,Cloud Migration,69,2026-03-12
Quartz Labs,Cloud Migration,9,2026-04-08
Compass Holdings,Cloud Migration,6,2026-01-19
Openfield Systems,Cloud Migration,75,2025-12-19
Redwood Corp,Remote Work Tools,24,2026-06-18
Compass Holdings,Remote Work Tools,10,2026-01-23
Ivy Corp,General Industry News,35,2026-01-03
Questline Labs,Marketing Automation Tools,30,2025-12-07
Orbit Labs,Marketing Automation Tools,55,2026-06-04
Delta Inc,Marketing Automation Tools,15,2026-04-26
Silverline Corp,Marketing Automation Tools,48,2026-06-22
Yellowstone Systems,Remote Work Tools,16,2026-03-25
Ivy Corp,Data Security Compliance,9,2025-11-27
Highmark Holdings,Data Security Compliance,59,2026-04-17
Umbrella Systems,Remote Work Tools,26,2026-07-26
Foundry Systems,Cloud Infrastructure Pricing,77,2026-04-10
Riverton Solutions,Cloud Infrastructure Pricing,57,2026-02-01
Landmark Systems,AI/ML Platform Evaluation,61,2026-01-07
Juniper Group,Data Security Compliance,51,2026-06-12
Gatepost Solutions,Cloud Migration,61,2026-05-21
Orbit Labs,Data Security Compliance,55,2026-07-12
Riverton Solutions,General Industry News,40,2026-01-16
Axiom Corp,Data Security Compliance,66,2026-07-04
Bluepeak Corp,Data Security Compliance,18,2026-01-12
Delta Holdings,Cloud Infrastructure Pricing,72,2026-05-12
Questline Corp,General Industry News,33,2025-11-20
Vireo Group,Remote Work Tools,57,2026-05-07
Compass Networks,Marketing Automation Tools,11,2026-01-11
Summit Networks,AI/ML Platform Evaluation,13,2026-05-29
Foundry Systems,Cloud Infrastructure Pricing,71,2026-04-24
Compass Holdings,Cloud Migration,74,2026-07-22
Juniper Group,Cloud Migration,8,2026-05-01
Delta Inc,Marketing Automation Tools,51,2026-07-19
Gatepost Solutions,Cloud Migration,63,2026-05-16
Beacon Systems,Marketing Automation Tools,32,2025-11-24
Summit Solutions,Cloud Migration,77,2026-01-24
Questline Systems,Remote Work Tools,21,2026-05-22
Quartz Inc,Cloud Migration,56,2026-07-17
Ivy Corp,Data Security Compliance,19,2026-04-12
Compass Networks,Cloud Migration,62,2026-06-15
Zenith Networks,AI/ML Platform Evaluation,18,2026-07-28
Voyage Partners,Remote Work Tools,48,2026-02-10
Zenith Corp,Cloud Migration,20,2025-11-22
Parallel Inc,Marketing Automation Tools,26,2025-11-03
Upland Partners,Data Security Compliance,17,2026-02-20
Vireo Holdings,AI/ML Platform Evaluation,32,2026-07-02
Juniper Group,Marketing Automation Tools,42,2026-04-06
Underhill Networks,Cloud Infrastructure Pricing,15,2026-05-15
Underhill Networks,Remote Work Tools,22,2025-11-17
Parallel Inc,Marketing Automation Tools,57,2026-06-14
Landmark Systems,Marketing Automation Tools,46,2026-02-08
Compass Networks,Cloud Infrastructure Pricing,84,2026-08-03
Crestwood Solutions,Cloud Infrastructure Pricing,20,2026-05-12
Riverton Solutions,Cloud Infrastructure Pricing,82,2026-01-27
Delta Holdings,Cloud Infrastructure Pricing,73,2026-05-25
Marlin Technologies,Remote Work Tools,18,2026-08-10
Kingsley Holdings,Remote Work Tools,24,2026-01-24
Trailhead Solutions,Cloud Migration,22,2026-05-02
Zenith Corp,Cloud Migration,77,2026-08-09
Westbrook Networks,General Industry News,11,2026-04-29
Parallel Holdings,Marketing Automation Tools,19,2025-12-11
Gatepost Solutions,Cloud Migration,93,2026-05-14
Upland Partners,Cloud Migration,57,2026-04-20
Summit Solutions,Cloud Infrastructure Pricing,46,2025-12-17
Parallel Inc,Marketing Automation Tools,13,2026-06-07
Longview Networks,Cloud Migration,63,2026-05-01
Riverton Solutions,Cloud Migration,68,2025-12-16
Redwood Corp,Cloud Infrastructure Pricing,9,2026-06-20
Prairie Technologies,Cloud Infrastructure Pricing,81,2026-01-31
Longview Networks,Cloud Migration,65,2026-04-06
Zenith Corp,Cloud Migration,83,2026-07-08
Delta Holdings,Cloud Migration,57,2026-04-22
Parallel Partners,Marketing Automation Tools,22,2026-05-27
Solstice Networks,Data Security Compliance,22,2026-04-21
Compass Holdings,Remote Work Tools,32,2026-01-27
Solstice Holdings,Remote Work Tools,28,2026-03-04
Questline Corp,AI/ML Platform Evaluation,37,2026-05-31
Delta Holdings,Cloud Migration,68,2026-06-11
Summit Networks,Remote Work Tools,41,2026-07-24
Quartz Systems,General Industry News,58,2025-12-05
Ironclad Group,AI/ML Platform Evaluation,18,2026-02-03
Foundry Systems,Remote Work Tools,48,2026-07-21
Gatepost Solutions,Cloud Migration,14,2026-01-06
Landmark Systems,Remote Work Tools,32,2026-06-03
Bluepeak Corp,Cloud Infrastructure Pricing,80,2026-07-07
Delta Holdings,Data Security Compliance,13,2025-12-21
Vireo Group,General Industry News,59,2025-12-24
Openfield Systems,General Industry News,57,2025-11-10
Stellar Systems,Remote Work Tools,27,2026-02-06
Umbrella Systems,Remote Work Tools,28,2025-11-27
Quartz Systems,Marketing Automation Tools,58,2025-12-01
Openfield Holdings,Marketing Automation Tools,33,2026-07-16
Vantage Corp,Marketing Automation Tools,35,2026-06-26
Gatepost Partners,Remote Work Tools,59,2026-03-16
Umbrella Systems,Remote Work Tools,11,2026-05-02
Umbrella Systems,Cloud Infrastructure Pricing,83,2026-04-14
Vertex Corp,Cloud Migration,16,2025-11-05
Foundry Systems,Cloud Migration,55,2026-03-20
Vantage Partners,Marketing Automation Tools,36,2026-01-19
Redwood Labs,General Industry News,20,2026-05-11
Foundry Systems,General Industry News,40,2026-08-01
Kingsley Holdings,Remote Work Tools,22,2026-08-01
Redwood Corp,General Industry News,19,2026-04-01
Longview Networks,Remote Work Tools,46,2026-02-21
Quartz Inc,Marketing Automation Tools,57,2026-01-20
Westbrook Networks,General Industry News,38,2025-11-08
Underhill Networks,Data Security Compliance,10,2026-06-23
Summit Solutions,Cloud Migration,9,2026-03-01
Beacon Systems,Cloud Infrastructure Pricing,23,2026-07-15
Solstice Networks,General Industry News,18,2026-05-03
Westbrook Networks,Cloud Migration,84,2026-04-24
Kingsley Holdings,Data Security Compliance,62,2026-05-02
Questline Systems,General Industry News,59,2026-05-24
Compass Partners,Remote Work Tools,10,2026-03-29
Questline Corp,AI/ML Platform Evaluation,65,2026-05-14
Highmark Holdings,Data Security Compliance,54,2026-03-01
Openfield Systems,General Industry News,21,2026-05-18
Gatepost Solutions,General Industry News,51,2025-12-13
Vireo Group,Marketing Automation Tools,49,2026-06-23
Westbrook Networks,Cloud Infrastructure Pricing,82,2026-04-30
Openfield Systems,Cloud Migration,62,2026-01-13
Zenith Corp,AI/ML Platform Evaluation,19,2025-12-05
Landmark Systems,Cloud Infrastructure Pricing,82,2026-02-18
Silverline Corp,Marketing Automation Tools,26,2026-03-12
Landmark Corp,Marketing Automation Tools,14,2026-02-15
Questline Labs,General Industry News,35,2026-05-21
Compass Partners,AI/ML Platform Evaluation,28,2025-11-25
Landmark Systems,Remote Work Tools,22,2026-03-10
Ironclad Group,Remote Work Tools,15,2025-11-05
Redwood Corp,Cloud Infrastructure Pricing,13,2025-12-16
Quartz Inc,Cloud Migration,92,2026-07-06
Gatepost Solutions,General Industry News,45,2026-06-30
Juniper Group,Remote Work Tools,17,2026-06-06
Vantage Corp,AI/ML Platform Evaluation,10,2026-04-05
Solstice Holdings,Remote Work Tools,40,2025-12-06
Quartz Systems,General Industry News,42,2026-03-24
Openfield Systems,Cloud Migration,93,2025-11-30
Westbrook Networks,Remote Work Tools,21,2026-06-13
Landmark Systems,Cloud Migration,94,2026-02-03
Globex Labs,Data Security Compliance,20,2026-06-26
Prairie Technologies,Cloud Infrastructure Pricing,25,2025-12-18
Stellar Systems,General Industry News,37,2026-07-04
Ironclad Group,Marketing Automation Tools,12,2025-12-06
Questline Systems,Remote Work Tools,20,2026-07-21
Nightingale Inc,General Industry News,43,2026-04-22
Vireo Group,Marketing Automation Tools,31,2026-07-10
Redwood Labs,Marketing Automation Tools,43,2026-02-12
Summit Solutions,Cloud Migration,19,2026-05-08
Umbrella Systems,General Industry News,17,2026-06-10
Zenith Networks,Marketing Automation Tools,24,2026-06-24
Riverton Solutions,Cloud Migration,67,2025-12-18
Parallel Inc,AI/ML Platform Evaluation,34,2025-11-28
Beacon Systems,General Industry News,20,2026-01-31
Ridgeline Labs,Cloud Migration,19,2026-02-16
Prairie Technologies,Cloud Infrastructure Pricing,75,2026-02-22
Echo Holdings,AI/ML Platform Evaluation,28,2026-07-27
Stellar Systems,Marketing Automation Tools,44,2026-03-19
Ivy Corp,AI/ML Platform Evaluation,12,2025-11-04
Parallel Inc,Data Security Compliance,11,2026-04-10
Orbit Labs,Data Security Compliance,40,2026-07-28
Orbit Labs,Cloud Infrastructure Pricing,18,2026-04-21
Umbrella Systems,Remote Work Tools,53,2025-12-28
Delta Inc,Data Security Compliance,20,2026-04-11
Acme Partners,General Industry News,34,2026-02-03
Landmark Systems,Cloud Infrastructure Pricing,49,2026-02-02
Umbrella Systems,Cloud Migration,62,2026-02-22
Underhill Networks,AI/ML Platform Evaluation,28,2026-07-18
Kingsley Labs,AI/ML Platform Evaluation,23,2026-01-28
Gatepost Solutions,Cloud Infrastructure Pricing,67,2026-05-19
Ridgeline Labs,General Industry News,60,2026-03-22
Underhill Networks,Marketing Automation Tools,17,2026-03-22
Landmark Systems,Cloud Migration,58,2026-01-06
Landmark Systems,Cloud Infrastructure Pricing,15,2026-08-08
Riverton Solutions,Remote Work Tools,38,2025-12-08
Acme Partners,Marketing Automation Tools,50,2026-02-02
Silverline Corp,AI/ML Platform Evaluation,44,2026-07-27
Prairie Technologies,AI/ML Platform Evaluation,70,2026-02-09
Landmark Systems,Cloud Infrastructure Pricing,52,2026-01-09
Gatepost Solutions,Marketing Automation Tools,18,2025-12-17
Bluepeak Corp,Marketing Automation Tools,18,2025-12-10
Ironclad Group,AI/ML Platform Evaluation,21,2026-02-06
Underhill Networks,Data Security Compliance,19,2026-07-01
Acme Partners,Data Security Compliance,43,2026-03-09
Landmark Systems,Cloud Migration,60,2026-01-20
Orbit Labs,Data Security Compliance,79,2026-07-10
Summit Solutions,General Industry News,23,2026-03-30
Stellar Systems,Cloud Migration,15,2025-11-03
Riverton Solutions,AI/ML Platform Evaluation,11,2026-03-29
Landmark Systems,Remote Work Tools,13,2026-06-10
Vantage Partners,Cloud Migration,17,2025-11-26
Redwood Labs,Remote Work Tools,25,2025-12-29
Quartz Inc,Data Security Compliance,57,2026-06-25
Delta Inc,General Industry News,60,2026-03-23
Quartz Labs,Marketing Automation Tools,35,2026-06-27
Yellowstone Systems,Marketing Automation Tools,58,2026-06-29
Solstice Holdings,Cloud Infrastructure Pricing,45,2026-03-19
Crestwood Solutions,General Industry News,40,2026-04-30
Delta Holdings,Data Security Compliance,26,2026-08-02
Wavelength Holdings,Marketing Automation Tools,42,2026-01-14
Globex Labs,Cloud Migration,21,2026-04-26
Compass Partners,General Industry News,38,2026-02-25
Delta Holdings,Cloud Migration,66,2026-06-06
Zenith Corp,Marketing Automation Tools,57,2026-07-11
Quartz Labs,AI/ML Platform Evaluation,30,2026-05-02
Prairie Technologies,Cloud Migration,90,2026-03-12
Foundry Systems,Cloud Infrastructure Pricing,57,2026-04-23
Upland Partners,Remote Work Tools,18,2025-12-17
Vantage Partners,Cloud Infrastructure Pricing,77,2026-02-27
Marlin Technologies,Data Security Compliance,18,2026-04-21
Vantage Partners,Cloud Migration,80,2026-02-17
Echo Holdings,Remote Work Tools,50,2026-02-18
Stellar Systems,Data Security Compliance,25,2026-04-02
Vantage Partners,Cloud Migration,55,2026-03-14
Nightingale Inc,AI/ML Platform Evaluation,27,2026-06-20
Wavelength Holdings,General Industry News,15,2026-08-06
Compass Holdings,Cloud Migration,63,2026-07-14
Umbrella Systems,AI/ML Platform Evaluation,66,2026-04-04
Openfield Systems,AI/ML Platform Evaluation,55,2025-11-29
Westbrook Networks,Cloud Infrastructure Pricing,83,2026-04-15
Compass Networks,General Industry News,37,2026-07-24
Axiom Corp,Data Security Compliance,72,2026-06-11
Landmark Corp,Marketing Automation Tools,20,2026-04-18
Voyage Partners,Remote Work Tools,11,2026-06-24
Stellar Corp,AI/ML Platform Evaluation,30,2026-03-27
Highmark Holdings,Marketing Automation Tools,24,2025-11-01
Quartz Inc,Marketing Automation Tools,45,2026-07-27
Ironclad Group,Cloud Migration,21,2026-03-10
Riverton Solutions,Cloud Infrastructure Pricing,80,2026-01-20
Bluepeak Corp,Cloud Infrastructure Pricing,51,2026-07-02
Bluepeak Corp,Cloud Infrastructure Pricing,16,2026-02-06
Zenith Corp,Marketing Automation Tools,33,2025-12-08
Gatepost Partners,Remote Work Tools,15,2026-04-07
Summit Networks,General Industry News,27,2026-03-28
Longview Networks,Cloud Infrastructure Pricing,8,2026-02-04
Questline Corp,Cloud Infrastructure Pricing,53,2026-05-28
Windward Inc,Cloud Migration,23,2026-06-10
Bluepeak Corp,Cloud Infrastructure Pricing,78,2026-08-07
Gatepost Solutions,Cloud Infrastructure Pricing,67,2026-05-15
Redwood Corp,General Industry News,44,2026-05-12
Silverline Corp,AI/ML Platform Evaluation,17,2026-02-23
Delta Holdings,Cloud Infrastructure Pricing,62,2026-04-29
Umbrella Systems,Cloud Migration,24,2026-01-13
Vantage Partners,Remote Work Tools,53,2026-01-22
Beacon Systems,AI/ML Platform Evaluation,17,2025-12-28
Axiom Corp,Cloud Infrastructure Pricing,5,2026-04-29
Gatepost Solutions,General Industry News,39,2026-07-23
Landmark Corp,Cloud Infrastructure Pricing,6,2026-06-29
Vireo Holdings,Data Security Compliance,50,2026-02-06
Vireo Group,Data Security Compliance,20,2026-02-11
Redwood Corp,Marketing Automation Tools,55,2025-12-18
Vertex Corp,Cloud Migration,20,2026-08-04
Vantage Corp,Remote Work Tools,36,2026-06-20
Foundry Systems,Marketing Automation Tools,57,2026-04-20
Kingsley Holdings,Marketing Automation Tools,51,2025-12-22
Vantage Corp,General Industry News,21,2026-03-26
Silverline Corp,Cloud Migration,25,2026-05-23
Openfield Systems,Cloud Migration,24,2026-03-18
Foundry Systems,Remote Work Tools,11,2026-03-20
Axiom Corp,Remote Work Tools,45,2026-01-15
Gatepost Solutions,Cloud Migration,69,2026-06-12
Bluepeak Corp,General Industry News,27,2026-01-21
Marlin Technologies,Cloud Infrastructure Pricing,6,2026-02-20
Vantage Partners,Cloud Migration,63,2026-02-17
Compass Holdings,Remote Work Tools,26,2026-05-11
Voyage Partners,Remote Work Tools,52,2026-03-03
Juniper Group,General Industry News,18,2025-11-28
Echo Holdings,General Industry News,47,2025-12-29
Umbrella Systems,Data Security Compliance,71,2026-04-09
Inlet Partners,AI/ML Platform Evaluation,35,2025-12-13
Juniper Group,Remote Work Tools,42,2026-02-04
Zenith Corp,Cloud Migration,73,2026-08-05
Summit Solutions,Cloud Migration,57,2026-01-20
Echo Holdings,Marketing Automation Tools,14,2026-07-18
Prairie Technologies,Cloud Infrastructure Pricing,49,2026-03-02
Highmark Holdings,Marketing Automation Tools,32,2025-11-02
Openfield Systems,Data Security Compliance,72,2026-01-09
Juniper Group,Data Security Compliance,58,2026-08-09
Voyage Partners,AI/ML Platform Evaluation,34,2026-04-12
Highmark Holdings,General Industry News,12,2026-07-17
Questline Systems,General Industry News,24,2026-01-16
Zenith Networks,Remote Work Tools,26,2026-07-01
Vireo Group,Marketing Automation Tools,41,2026-06-08
Trailhead Solutions,AI/ML Platform Evaluation,20,2026-01-08
Vantage Corp,AI/ML Platform Evaluation,25,2025-12-07
Questline Corp,Cloud Migration,88,2026-05-11
Landmark Systems,General Industry News,42,2025-12-11
Quartz Inc,General Industry News,60,2026-01-30
Quartz Systems,Cloud Migration,57,2026-06-19
Beacon Systems,General Industry News,37,2026-03-11
Fairwind Partners,Remote Work Tools,16,2026-05-24
Longview Holdings,Marketing Automation Tools,10,2026-04-25
Longview Networks,Cloud Migration,62,2026-05-11
Landmark Corp,Remote Work Tools,46,2026-04-12
Vireo Holdings,Cloud Infrastructure Pricing,57,2026-03-13
Marlin Technologies,Cloud Migration,9,2025-12-05
Redwood Labs,Remote Work Tools,14,2026-05-10
Umbrella Systems,Cloud Migration,55,2026-04-09
Delta Holdings,Cloud Migration,89,2026-04-29
Windward Inc,Cloud Infrastructure Pricing,8,2026-01-07
Foundry Systems,Cloud Migration,57,2026-04-28
Delta Holdings,General Industry News,27,2025-12-29
Highmark Holdings,Remote Work Tools,36,2026-02-25
Trailhead Solutions,General Industry News,13,2026-08-10
Kingsley Holdings,Marketing Automation Tools,49,2025-12-07
Landmark Systems,General Industry News,17,2026-06-23
Longview Holdings,General Industry News,57,2026-06-25
Westbrook Networks,Data Security Compliance,80,2026-03-27
Longview Holdings,Marketing Automation Tools,26,2025-11-29
Questline Corp,Marketing Automation Tools,21,2026-07-30
Vantage Partners,General Industry News,32,2026-05-21
Stellar Systems,Marketing Automation Tools,35,2025-12-29
Westbrook Networks,Data Security Compliance,56,2026-05-12
Openfield Systems,Cloud Migration,65,2025-12-31
Westbrook Networks,Cloud Infrastructure Pricing,11,2026-06-12
Upland Partners,Data Security Compliance,9,2026-07-04
Foundry Systems,Cloud Infrastructure Pricing,84,2026-03-23
Landmark Corp,Remote Work Tools,36,2025-11-22
Vertex Corp,Data Security Compliance,10,2026-03-10
Highmark Holdings,Data Security Compliance,54,2026-04-18
Kingsley Labs,Cloud Migration,6,2026-01-31
Vireo Holdings,AI/ML Platform Evaluation,11,2026-06-21
Quartz Inc,Data Security Compliance,59,2026-07-22
Delta Holdings,Cloud Migration,84,2026-04-22
Westbrook Networks,Cloud Infrastructure Pricing,52,2026-03-24
Questline Systems,General Industry News,32,2025-12-05
Parallel Partners,Remote Work Tools,14,2026-05-07
Kingsley Labs,Marketing Automation Tools,15,2026-04-23
Parallel Holdings,Marketing Automation Tools,22,2026-01-21
Vantage Corp,General Industry News,44,2025-11-18
Longview Holdings,AI/ML Platform Evaluation,22,2026-02-20
Parallel Inc,Data Security Compliance,29,2025-11-17
Vireo Holdings,General Industry News,59,2026-05-01
Riverton Solutions,Cloud Migration,80,2025-12-10
Marlin Technologies,General Industry News,42,2026-04-20
Juniper Group,Marketing Automation Tools,54,2026-02-03
Acme Partners,Remote Work Tools,58,2025-12-16
Summit Solutions,Marketing Automation Tools,22,2025-12-29
Orbit Labs,Cloud Infrastructure Pricing,9,2026-06-16
Quartz Systems,Marketing Automation Tools,60,2025-11-06
Landmark Systems,AI/ML Platform Evaluation,44,2026-02-17
Parallel Holdings,Remote Work Tools,16,2026-04-10
Voyage Partners,Remote Work Tools,27,2026-01-03
Windward Inc,Marketing Automation Tools,25,2026-03-21
Vantage Partners,Data Security Compliance,15,2026-04-04
Vertex Corp,General Industry News,39,2025-11-04
Echo Holdings,Remote Work Tools,15,2026-07-10
Foundry Systems,Remote Work Tools,48,2026-03-13
Ironclad Group,Data Security Compliance,29,2025-11-17
Compass Networks,Cloud Infrastructure Pricing,54,2026-07-18
Echo Holdings,Data Security Compliance,78,2026-06-30
Silverline Corp,Remote Work Tools,33,2026-07-14
Axiom Corp,General Industry News,42,2026-04-13
Axiom Corp,Data Security Compliance,30,2026-06-26
Upland Partners,Data Security Compliance,64,2026-04-24
Questline Corp,Cloud Infrastructure Pricing,21,2026-03-29
Quartz Systems,Remote Work Tools,17,2026-07-28
Gatepost Partners,Marketing Automation Tools,33,2026-06-16
Vireo Group,Cloud Infrastructure Pricing,14,2026-07-10
Globex Labs,Remote Work Tools,24,2026-07-28
Solstice Networks,General Industry News,55,2025-12-15
Marlin Technologies,Cloud Migration,25,2026-01-13
Questline Labs,General Industry News,11,2026-03-08
Openfield Holdings,Marketing Automation Tools,10,2026-02-02
Westbrook Networks,General Industry News,12,2025-11-10
Underhill Networks,General Industry News,58,2026-07-15
Vireo Holdings,Data Security Compliance,65,2026-02-07
Questline Labs,Data Security Compliance,8,2026-07-06
Stellar Corp,Cloud Migration,8,2026-07-23
Compass Networks,Cloud Migration,65,2026-08-07
Questline Corp,Remote Work Tools,48,2026-02-24
Vireo Holdings,Remote Work Tools,58,2026-03-03
Longview Holdings,General Industry News,35,2025-12-22
Stellar Systems,Marketing Automation Tools,49,2026-05-21
Delta Holdings,Data Security Compliance,67,2026-05-04
Questline Labs,General Industry News,58,2026-01-18
Ironclad Group,General Industry News,29,2025-11-22
Nightingale Inc,Data Security Compliance,44,2026-01-31
Silverline Corp,AI/ML Platform Evaluation,42,2026-07-18
Quartz Inc,Marketing Automation Tools,32,2026-01-22
Quartz Systems,Cloud Migration,90,2026-08-04
Umbrella Systems,General Industry News,21,2026-03-03
Longview Holdings,AI/ML Platform Evaluation,25,2026-06-28
Acme Partners,Data Security Compliance,51,2026-01-21
Zenith Networks,Remote Work Tools,42,2026-07-06
Gatepost Solutions,Cloud Infrastructure Pricing,51,2026-06-11
Redwood Corp,Data Security Compliance,8,2025-11-17
Redwood Corp,Marketing Automation Tools,43,2025-12-05
Umbrella Systems,Cloud Infrastructure Pricing,75,2026-04-11
Juniper Group,Remote Work Tools,16,2026-06-24
Riverton Solutions,Remote Work Tools,12,2026-03-04
Echo Holdings,AI/ML Platform Evaluation,27,2025-12-23
Parallel Inc,Marketing Automation Tools,37,2026-02-08
Prairie Technologies,Data Security Compliance,20,2026-02-21
Questline Systems,General Industry News,15,2026-07-18
Upland Partners,General Industry News,10,2025-12-20
Solstice Holdings,Cloud Migration,61,2026-04-22
Solstice Holdings,AI/ML Platform Evaluation,44,2026-03-29
Parallel Partners,Remote Work Tools,22,2025-12-09
Compass Holdings,Cloud Infrastructure Pricing,83,2026-07-31
Westbrook Networks,General Industry News,13,2026-07-29
Solstice Holdings,Cloud Migration,73,2026-03-23
Umbrella Systems,General Industry News,35,2026-01-12
Prairie Technologies,Cloud Infrastructure Pricing,73,2026-03-02
Inlet Partners,Marketing Automation Tools,48,2026-06-24
Bluepeak Corp,Cloud Infrastructure Pricing,76,2026-07-11
Riverton Solutions,Remote Work Tools,11,2026-06-07
Bluepeak Corp,Marketing Automation Tools,12,2026-07-21
Redwood Labs,General Industry News,49,2026-05-26
Summit Solutions,Cloud Migration,93,2026-01-28
Summit Solutions,Cloud Migration,62,2026-01-10
Delta Inc,Cloud Migration,17,2026-01-15
Foundry Systems,Cloud Migration,87,2026-04-22
Vantage Corp,Remote Work Tools,53,2025-12-31
Vertex Corp,Marketing Automation Tools,31,2026-07-02
Marlin Technologies,General Industry News,35,2026-05-03
Riverton Solutions,Marketing Automation Tools,18,2026-04-17
Questline Labs,Marketing Automation Tools,37,2026-03-19
Silverline Corp,General Industry News,45,2026-07-24
Openfield Systems,AI/ML Platform Evaluation,44,2025-12-27
Riverton Solutions,Remote Work Tools,39,2026-01-18
Vantage Partners,Data Security Compliance,8,2025-12-02
Globex Labs,Data Security Compliance,26,2026-07-10
Ridgeline Labs,Cloud Migration,9,2026-03-07
Kingsley Holdings,Marketing Automation Tools,15,2026-06-19
Redwood Corp,Marketing Automation Tools,23,2026-07-01
Westbrook Networks,Cloud Migration,69,2026-05-05
Longview Networks,Cloud Migration,85,2026-04-14
Ivy Corp,AI/ML Platform Evaluation,27,2026-01-09
Questline Corp,Cloud Migration,91,2026-05-08
Ivy Corp,AI/ML Platform Evaluation,25,2026-02-02
Riverton Solutions,Cloud Infrastructure Pricing,48,2026-01-17
Questline Corp,General Industry News,11,2026-02-18
Nightingale Inc,General Industry News,10,2026-03-01
Questline Systems,Remote Work Tools,18,2026-01-23
Marlin Technologies,AI/ML Platform Evaluation,14,2026-04-13
Inlet Partners,AI/ML Platform Evaluation,21,2026-06-06
Crestwood Solutions,Remote Work Tools,55,2026-03-17
Riverton Solutions,Data Security Compliance,43,2025-12-14
Silverline Corp,Remote Work Tools,41,2025-12-02
Prairie Technologies,AI/ML Platform Evaluation,31,2026-04-23
Vantage Corp,Marketing Automation Tools,24,2025-12-26
Gatepost Solutions,Cloud Infrastructure Pricing,77,2026-06-08
Solstice Holdings,Marketing Automation Tools,59,2026-07-01
Ivy Corp,General Industry News,60,2026-06-22
Quartz Inc,AI/ML Platform Evaluation,47,2026-07-21
Questline Corp,AI/ML Platform Evaluation,35,2026-06-21
Umbrella Systems,AI/ML Platform Evaluation,70,2026-02-17
Yellowstone Systems,Marketing Automation Tools,34,2026-07-06
Vantage Partners,Cloud Migration,95,2026-02-04
Solstice Holdings,AI/ML Platform Evaluation,19,2026-01-17
Quartz Inc,Cloud Infrastructure Pricing,60,2026-06-17
Delta Holdings,Cloud Migration,68,2026-05-04
Vireo Group,AI/ML Platform Evaluation,13,2026-03-23
Quartz Labs,General Industry News,43,2026-07-18
Orbit Labs,Marketing Automation Tools,58,2026-07-04
Windward Inc,General Industry News,37,2025-12-10
Ironclad Group,AI/ML Platform Evaluation,20,2026-08-01
Compass Networks,General Industry News,32,2026-01-31
Solstice Networks,Remote Work Tools,39,2026-02-03
Compass Partners,Marketing Automation Tools,30,2025-11-07
Riverton Solutions,AI/ML Platform Evaluation,49,2025-12-19
Vireo Group,General Industry News,49,2026-02-08
Landmark Corp,Remote Work Tools,20,2026-05-19
Zenith Networks,Marketing Automation Tools,24,2026-06-23
Silverline Corp,Cloud Migration,7,2026-07-07
Zenith Networks,Remote Work Tools,50,2026-05-02
Globex Inc,Remote Work Tools,38,2026-04-05
Vireo Holdings,Cloud Infrastructure Pricing,73,2026-03-03
Quartz Labs,General Industry News,21,2026-03-03
Underhill Networks,Remote Work Tools,29,2026-06-19
Umbrella Systems,Cloud Infrastructure Pricing,78,2026-04-09
Vantage Partners,Remote Work Tools,59,2025-12-29
Solstice Holdings,Marketing Automation Tools,28,2026-05-31
Quartz Labs,General Industry News,54,2026-08-09
Stellar Corp,Data Security Compliance,20,2026-05-17
Summit Networks,Data Security Compliance,28,2026-04-13
Highmark Holdings,General Industry News,26,2026-06-07
Windward Inc,AI/ML Platform Evaluation,28,2026-03-31
Longview Networks,Marketing Automation Tools,15,2025-11-18
Kingsley Holdings,General Industry News,40,2026-02-12
Juniper Group,Marketing Automation Tools,38,2026-03-21
Landmark Corp,Remote Work Tools,38,2026-05-04
Trailhead Solutions,General Industry News,33,2026-05-24
Delta Inc,General Industry News,21,2026-07-16
Highmark Holdings,Cloud Migration,60,2026-03-01
Openfield Holdings,General Industry News,56,2026-03-31
Openfield Holdings,Marketing Automation Tools,39,2026-03-16
Foundry Systems,Cloud Infrastructure Pricing,51,2026-04-18
Parallel Holdings,Remote Work Tools,12,2026-04-09
Delta Holdings,Data Security Compliance,73,2026-04-19
Orbit Labs,Remote Work Tools,12,2026-01-12
Solstice Holdings,AI/ML Platform Evaluation,51,2026-04-09
Delta Holdings,Data Security Compliance,8,2026-07-01
Globex Inc,General Industry News,42,2026-04-04
Upland Partners,Cloud Migration,81,2026-05-21
Vireo Holdings,Remote Work Tools,30,2026-05-06
Highmark Holdings,Data Security Compliance,71,2026-02-24
Kingsley Holdings,Remote Work Tools,53,2026-01-10
Vantage Partners,General Industry News,30,2026-06-22
Silverline Corp,Marketing Automation Tools,30,2026-02-23
Silverline Corp,AI/ML Platform Evaluation,62,2026-06-29
Westbrook Networks,Data Security Compliance,70,2026-04-23
Westbrook Networks,General Industry News,44,2025-11-10
Vertex Corp,AI/ML Platform Evaluation,15,2026-02-03
Echo Holdings,Remote Work Tools,29,2026-04-25
Parallel Partners,General Industry News,47,2026-01-13
Bluepeak Corp,Marketing Automation Tools,59,2026-07-21
Riverton Solutions,AI/ML Platform Evaluation,43,2026-01-22
Solstice Networks,Data Security Compliance,15,2026-02-04
Openfield Systems,General Industry News,58,2026-05-12
Riverton Solutions,Cloud Infrastructure Pricing,65,2025-12-08
Questline Corp,Cloud Infrastructure Pricing,11,2026-01-18
Openfield Holdings,Remote Work Tools,41,2026-06-04
Westbrook Networks,AI/ML Platform Evaluation,10,2026-03-27
Kingsley Labs,General Industry News,22,2026-01-20
Quartz Systems,Data Security Compliance,12,2026-07-31
Vireo Holdings,Cloud Migration,76,2026-02-17
Questline Systems,General Industry News,50,2026-05-18
Delta Holdings,Data Security Compliance,59,2026-05-29
Gatepost Solutions,Cloud Migration,86,2026-05-19
Westbrook Networks,Cloud Infrastructure Pricing,63,2026-03-22
Questline Labs,AI/ML Platform Evaluation,31,2026-02-10
Quartz Inc,Cloud Migration,93,2026-06-05
Stellar Corp,Marketing Automation Tools,56,2026-02-23
Summit Solutions,Cloud Migration,76,2026-01-23
Marlin Technologies,Marketing Automation Tools,44,2026-01-01
Openfield Holdings,AI/ML Platform Evaluation,14,2025-11-23
Gatepost Partners,Marketing Automation Tools,41,2026-03-05
Vireo Group,AI/ML Platform Evaluation,15,2026-01-13
Zenith Corp,Cloud Infrastructure Pricing,11,2025-12-27
Prairie Technologies,AI/ML Platform Evaluation,19,2026-08-10
Quartz Inc,General Industry News,12,2026-02-20
Fairwind Partners,Marketing Automation Tools,18,2026-01-17
Gatepost Solutions,Marketing Automation Tools,27,2026-04-08
Quartz Inc,Cloud Migration,23,2026-03-20
Questline Corp,Cloud Migration,77,2026-06-08
Questline Systems,General Industry News,57,2026-07-21
Kingsley Labs,General Industry News,37,2025-12-19
Ivy Corp,Marketing Automation Tools,44,2026-02-12
Echo Holdings,General Industry News,10,2026-06-12
Openfield Systems,Cloud Infrastructure Pricing,52,2025-12-24
Acme Partners,Remote Work Tools,32,2026-01-30
Openfield Holdings,Remote Work Tools,23,2026-01-20
Foundry Systems,AI/ML Platform Evaluation,56,2026-03-13
Globex Inc,Cloud Migration,7,2025-11-22
Prairie Technologies,AI/ML Platform Evaluation,43,2026-02-06
Compass Partners,AI/ML Platform Evaluation,34,2025-11-05
Openfield Systems,Cloud Migration,89,2026-01-27
Quartz Inc,Cloud Infrastructure Pricing,80,2026-06-26
Ridgeline Labs,Cloud Infrastructure Pricing,23,2026-06-25
Zenith Corp,General Industry News,18,2026-04-25
Summit Networks,Remote Work Tools,23,2026-06-13
Quartz Inc,Remote Work Tools,47,2026-04-19
Summit Solutions,Marketing Automation Tools,16,2026-02-13
Umbrella Systems,Data Security Compliance,27,2026-07-22
Delta Holdings,General Industry News,57,2026-01-30
Upland Partners,Cloud Migration,61,2026-06-01
Upland Partners,Remote Work Tools,19,2025-11-06
Quartz Inc,General Industry News,18,2025-12-22
Crestwood Solutions,AI/ML Platform Evaluation,34,2026-06-18
Questline Labs,AI/ML Platform Evaluation,23,2025-12-22
Prairie Technologies,Cloud Migration,5,2026-02-24
Parallel Holdings,Marketing Automation Tools,11,2025-12-11
Vantage Partners,Cloud Infrastructure Pricing,47,2026-01-22
Foundry Systems,Cloud Migration,88,2026-04-10
Landmark Systems,Cloud Infrastructure Pricing,64,2026-01-17
Openfield Systems,Data Security Compliance,70,2025-12-22
Compass Networks,Cloud Infrastructure Pricing,67,2026-06-14
Marlin Technologies,Remote Work Tools,45,2026-03-27
Quartz Inc,Marketing Automation Tools,20,2026-02-09
Openfield Systems,AI/ML Platform Evaluation,53,2026-01-11
Axiom Corp,General Industry News,19,2026-04-24
Riverton Solutions,Cloud Migration,81,2025-12-05
Longview Holdings,General Industry News,25,2026-01-05
Quartz Inc,Cloud Migration,85,2026-06-09
Compass Holdings,Cloud Migration,85,2026-07-30
Silverline Corp,Cloud Infrastructure Pricing,16,2025-11-14
Parallel Inc,Data Security Compliance,25,2026-03-14
Juniper Group,Remote Work Tools,21,2026-04-04
Nightingale Inc,Marketing Automation Tools,52,2026-06-26
Highmark Holdings,Cloud Migration,91,2026-03-23
Stellar Corp,AI/ML Platform Evaluation,28,2026-03-28
Compass Holdings,Cloud Infrastructure Pricing,55,2026-07-19
Nightingale Inc,Cloud Migration,16,2025-12-20
Highmark Holdings,Data Security Compliance,65,2026-03-19
Globex Labs,Cloud Migration,7,2026-05-11
Echo Holdings,Cloud Infrastructure Pricing,11,2025-12-02
Foundry Systems,Cloud Infrastructure Pricing,47,2026-04-20
Foundry Systems,Remote Work Tools,56,2026-04-08
Riverton Solutions,Cloud Infrastructure Pricing,66,2025-12-08
Parallel Partners,Remote Work Tools,45,2026-04-09
Silverline Corp,AI/ML Platform Evaluation,24,2026-02-28
Umbrella Systems,Cloud Migration,89,2026-03-14
Fairwind Partners,Remote Work Tools,45,2026-04-20
Delta Inc,Marketing Automation Tools,53,2026-03-31
Longview Networks,Cloud Migration,79,2026-05-31
Kingsley Holdings,General Industry News,42,2026-07-03
Westbrook Networks,AI/ML Platform Evaluation,53,2026-05-11
Compass Partners,Marketing Automation Tools,13,2026-01-05
Parallel Partners,Data Security Compliance,18,2025-12-26
Acme Partners,Marketing Automation Tools,24,2026-01-16
Kingsley Holdings,Cloud Infrastructure Pricing,22,2025-12-09
Fairwind Partners,Marketing Automation Tools,55,2026-04-27
Upland Partners,Cloud Migration,64,2026-04-06
Zenith Corp,General Industry News,38,2026-04-18
Silverline Corp,AI/ML Platform Evaluation,73,2026-07-27
Globex Inc,Remote Work Tools,56,2026-03-19
Delta Inc,Remote Work Tools,47,2026-01-25
Vantage Partners,AI/ML Platform Evaluation,50,2026-03-10
Westbrook Networks,Cloud Infrastructure Pricing,56,2026-04-20
Beacon Systems,General Industry News,44,2026-04-30
Compass Holdings,Cloud Migration,92,2026-08-02
Fairwind Partners,General Industry News,33,2026-06-07
Acme Partners,Data Security Compliance,42,2026-01-27
Highmark Holdings,Cloud Migration,64,2026-03-17
Underhill Networks,Cloud Infrastructure Pricing,12,2025-12-09
Axiom Corp,Remote Work Tools,27,2025-11-28
Inlet Partners,Marketing Automation Tools,56,2026-06-24
Questline Labs,General Industry News,25,2026-06-15
Parallel Holdings,General Industry News,31,2026-02-13
Prairie Technologies,AI/ML Platform Evaluation,46,2026-03-04
Upland Partners,Cloud Infrastructure Pricing,78,2026-04-07
Solstice Holdings,Cloud Migration,84,2026-04-28
Summit Solutions,Cloud Infrastructure Pricing,70,2026-01-29
Openfield Systems,Data Security Compliance,43,2025-12-14
Orbit Labs,General Industry News,48,2026-01-02
Zenith Networks,Data Security Compliance,16,2025-12-22
Umbrella Systems,Cloud Infrastructure Pricing,66,2026-03-28
Ironclad Group,Marketing Automation Tools,53,2026-02-17
Vantage Partners,Cloud Infrastructure Pricing,79,2026-03-03
Gatepost Partners,Cloud Migration,12,2025-11-12
Questline Labs,Remote Work Tools,52,2026-07-11
Summit Solutions,Cloud Migration,69,2025-12-11
Riverton Solutions,Marketing Automation Tools,39,2026-01-19
Echo Holdings,General Industry News,25,2025-11-13
Windward Inc,Marketing Automation Tools,40,2026-07-17
Vireo Group,Marketing Automation Tools,57,2026-04-08
Openfield Systems,AI/ML Platform Evaluation,39,2025-12-24
Summit Solutions,Cloud Infrastructure Pricing,76,2025-12-16
Vantage Partners,AI/ML Platform Evaluation,53,2026-02-13
Inlet Partners,Cloud Migration,8,2026-06-04
Juniper Group,AI/ML Platform Evaluation,24,2026-06-05
Yellowstone Systems,Marketing Automation Tools,45,2026-06-22
Questline Corp,General Industry News,25,2026-05-03
Vireo Holdings,Marketing Automation Tools,42,2025-12-24
Fairwind Partners,Cloud Migration,20,2025-12-17
Acme Partners,Cloud Infrastructure Pricing,17,2026-04-29
Stellar Systems,General Industry News,28,2026-02-25
Solstice Holdings,Cloud Migration,78,2026-03-21
Zenith Corp,Cloud Migration,78,2026-07-31
Westbrook Networks,Marketing Automation Tools,47,2026-08-08
Openfield Systems,Cloud Infrastructure Pricing,57,2025-12-13
Orbit Labs,Marketing Automation Tools,11,2026-02-28
Ivy Corp,General Industry News,19,2026-05-17
Wavelength Holdings,Marketing Automation Tools,19,2026-01-17
Prairie Technologies,Cloud Infrastructure Pricing,66,2026-01-25
Compass Networks,Remote Work Tools,43,2026-06-24
Prairie Technologies,General Industry News,15,2026-06-05
Inlet Partners,Cloud Infrastructure Pricing,24,2026-07-13
Echo Holdings,Data Security Compliance,40,2026-06-26
Inlet Partners,Cloud Infrastructure Pricing,25,2026-04-12
Quartz Inc,Data Security Compliance,66,2026-05-29
Compass Networks,Data Security Compliance,28,2025-12-20
Beacon Systems,General Industry News,15,2025-12-07
Ivy Corp,Remote Work Tools,33,2026-07-15
Axiom Corp,Remote Work Tools,28,2026-05-07
Echo Holdings,Remote Work Tools,57,2026-01-23
Acme Partners,Data Security Compliance,59,2026-03-09
Openfield Systems,Cloud Migration,24,2026-02-07
Umbrella Systems,Remote Work Tools,60,2026-04-06
Westbrook Networks,Cloud Migration,85,2026-04-04
Delta Holdings,Cloud Migration,90,2026-05-07
Parallel Holdings,Marketing Automation Tools,27,2025-12-12
Quartz Systems,General Industry News,24,2025-11-29
Quartz Inc,General Industry News,50,2026-07-14
Landmark Corp,AI/ML Platform Evaluation,23,2026-01-05
Kingsley Holdings,Data Security Compliance,52,2026-05-05
Acme Partners,Data Security Compliance,55,2026-01-21
Zenith Corp,Cloud Infrastructure Pricing,84,2026-07-22
Prairie Technologies,AI/ML Platform Evaluation,44,2026-03-05
Compass Holdings,Marketing Automation Tools,54,2025-11-02
Compass Holdings,Marketing Automation Tools,32,2026-02-13
Westbrook Networks,AI/ML Platform Evaluation,56,2026-04-19
Vantage Partners,AI/ML Platform Evaluation,66,2026-02-13
Quartz Systems,AI/ML Platform Evaluation,17,2026-05-16
Westbrook Networks,Cloud Migration,75,2026-04-20
Yellowstone Systems,Remote Work Tools,40,2026-07-12
Echo Holdings,Cloud Migration,6,2025-11-04
Stellar Corp,Data Security Compliance,28,2025-12-30
Vantage Partners,Data Security Compliance,14,2026-05-16
Gatepost Solutions,General Industry News,57,2026-02-03
Marlin Technologies,General Industry News,43,2026-02-15
Highmark Holdings,Data Security Compliance,47,2026-04-12
Compass Networks,Cloud Migration,66,2026-07-23
Inlet Partners,Marketing Automation Tools,52,2026-02-22
Vantage Partners,Remote Work Tools,21,2026-01-25
Wavelength Holdings,AI/ML Platform Evaluation,13,2026-05-18
Gatepost Solutions,Cloud Migration,74,2026-05-30
Stellar Corp,Marketing Automation Tools,36,2025-12-06
Questline Corp,Marketing Automation Tools,34,2025-12-15
Kingsley Labs,General Industry News,15,2026-07-16
Riverton Solutions,General Industry News,37,2026-03-18
Acme Partners,Marketing Automation Tools,47,2026-06-23
Juniper Group,Cloud Infrastructure Pricing,17,2026-02-19
Vireo Holdings,Data Security Compliance,57,2026-03-03
Zenith Networks,General Industry News,41,2026-08-10
Upland Partners,AI/ML Platform Evaluation,62,2026-05-16
Yellowstone Systems,Cloud Migration,7,2026-04-14
Yellowstone Systems,General Industry News,48,2026-04-29
Beacon Systems,Marketing Automation Tools,54,2026-02-27
Stellar Corp,General Industry News,56,2026-05-09
Westbrook Networks,AI/ML Platform Evaluation,40,2026-04-09
Crestwood Solutions,General Industry News,36,2026-07-23
Quartz Inc,AI/ML Platform Evaluation,47,2026-06-20
Bluepeak Corp,Data Security Compliance,10,2026-01-24
Prairie Technologies,AI/ML Platform Evaluation,47,2026-01-13
Underhill Networks,Marketing Automation Tools,15,2026-05-25
Upland Partners,Cloud Infrastructure Pricing,80,2026-04-05
Openfield Holdings,Remote Work Tools,10,2025-12-08
Compass Networks,Cloud Infrastructure Pricing,83,2026-08-10
Upland Partners,AI/ML Platform Evaluation,62,2026-05-03
Questline Systems,Remote Work Tools,21,2025-12-06
Echo Holdings,General Industry News,52,2025-11-10
Westbrook Networks,AI/ML Platform Evaluation,37,2026-04-28
Bluepeak Corp,Marketing Automation Tools,20,2026-04-23
Landmark Systems,AI/ML Platform Evaluation,65,2026-01-02
Quartz Inc,AI/ML Platform Evaluation,18,2026-01-09
Zenith Corp,Cloud Infrastructure Pricing,13,2026-05-23
Juniper Group,Marketing Automation Tools,15,2026-02-09
Globex Labs,General Industry News,43,2026-04-19
Longview Networks,General Industry News,50,2025-11-01
Delta Holdings,General Industry News,27,2026-07-05
Zenith Networks,Cloud Infrastructure Pricing,11,2026-01-17
Summit Solutions,Marketing Automation Tools,34,2026-08-02
Vertex Corp,Remote Work Tools,60,2026-04-30
Quartz Systems,Data Security Compliance,30,2026-07-23
Longview Holdings,AI/ML Platform Evaluation,16,2026-06-11
Summit Networks,Remote Work Tools,14,2026-03-27
Landmark Systems,General Industry News,41,2026-03-18
Trailhead Solutions,AI/ML Platform Evaluation,24,2026-02-17
Axiom Corp,Marketing Automation Tools,15,2026-02-12
Openfield Holdings,AI/ML Platform Evaluation,21,2026-03-17
Juniper Group,Data Security Compliance,65,2026-07-02
Upland Partners,Data Security Compliance,27,2026-06-22
Solstice Networks,General Industry News,27,2026-03-10
Solstice Holdings,Cloud Migration,90,2026-03-19
Umbrella Systems,AI/ML Platform Evaluation,19,2026-04-30
Umbrella Systems,Marketing Automation Tools,41,2026-06-22
Parallel Partners,Data Security Compliance,12,2026-04-12
Ridgeline Labs,Marketing Automation Tools,47,2026-06-28
Questline Systems,AI/ML Platform Evaluation,27,2026-04-14
Riverton Solutions,AI/ML Platform Evaluation,29,2026-02-11
Yellowstone Systems,Remote Work Tools,29,2025-12-22
Upland Partners,Data Security Compliance,56,2026-05-15
Longview Holdings,Remote Work Tools,17,2026-07-12
Inlet Partners,Cloud Migration,18,2026-03-23
Questline Systems,Marketing Automation Tools,14,2026-06-15
Delta Holdings,Marketing Automation Tools,53,2026-06-05
Delta Holdings,Marketing Automation Tools,47,2026-01-04
Zenith Networks,Remote Work Tools,60,2025-11-24
Highmark Holdings,Data Security Compliance,79,2026-03-10
Landmark Corp,Marketing Automation Tools,50,2026-01-21
Solstice Networks,AI/ML Platform Evaluation,14,2026-07-28
Orbit Labs,General Industry News,31,2026-02-12
Solstice Networks,General Industry News,46,2026-03-01
Vireo Holdings,Marketing Automation Tools,44,2026-03-31
Ridgeline Labs,General Industry News,48,2025-12-03
Upland Partners,Remote Work Tools,13,2026-05-19
Foundry Systems,General Industry News,28,2026-08-01
Vireo Holdings,Cloud Migration,81,2026-02-05
Longview Networks,Marketing Automation Tools,24,2026-06-30
Globex Inc,Cloud Infrastructure Pricing,7,2026-07-27
Stellar Corp,Marketing Automation Tools,39,2026-08-02
Openfield Systems,Remote Work Tools,13,2026-04-11
Stellar Systems,Data Security Compliance,8,2026-05-02
Trailhead Solutions,Data Security Compliance,29,2026-05-23
Zenith Corp,Data Security Compliance,9,2026-06-15
Gatepost Partners,General Industry News,47,2026-05-03
Orbit Labs,Cloud Migration,12,2026-05-23
Umbrella Systems,Data Security Compliance,58,2026-02-18
Windward Inc,Cloud Infrastructure Pricing,16,2025-11-19
Solstice Holdings,AI/ML Platform Evaluation,15,2026-01-25
Parallel Inc,Remote Work Tools,42,2026-06-24
Solstice Holdings,Cloud Migration,56,2026-04-02
Axiom Corp,Data Security Compliance,63,2026-07-04
Landmark Corp,AI/ML Platform Evaluation,28,2025-11-28
Summit Networks,General Industry News,58,2026-04-23
Yellowstone Systems,Marketing Automation Tools,14,2026-05-25
Summit Networks,Cloud Migration,11,2026-07-11
Riverton Solutions,Remote Work Tools,13,2025-11-17
Prairie Technologies,AI/ML Platform Evaluation,61,2026-03-03
Ridgeline Labs,Remote Work Tools,33,2026-07-17
Foundry Systems,Cloud Migration,75,2026-03-03
Ivy Corp,General Industry News,49,2026-03-25
Ivy Corp,Cloud Infrastructure Pricing,23,2026-04-02
Foundry Systems,Data Security Compliance,10,2026-01-21
Openfield Systems,General Industry News,46,2025-12-01
Echo Holdings,Remote Work Tools,19,2025-12-31
Compass Partners,Data Security Compliance,26,2026-07-11
Vireo Holdings,Cloud Infrastructure Pricing,47,2026-03-26
Foundry Systems,AI/ML Platform Evaluation,42,2026-03-16
Foundry Systems,Marketing Automation Tools,48,2025-11-06
Westbrook Networks,Marketing Automation Tools,34,2025-12-04
Compass Networks,Cloud Migration,73,2026-07-24
Vireo Holdings,Remote Work Tools,59,2026-04-26
Longview Networks,Marketing Automation Tools,25,2026-05-05
Quartz Inc,Cloud Infrastructure Pricing,45,2026-07-21
Inlet Partners,General Industry News,49,2026-04-06
Questline Corp,Cloud Infrastructure Pricing,46,2026-05-24
Riverton Solutions,AI/ML Platform Evaluation,17,2026-06-06
Openfield Systems,General Industry News,43,2026-03-15
Yellowstone Systems,Data Security Compliance,15,2026-06-08
Foundry Systems,Remote Work Tools,27,2025-11-28
Gatepost Partners,AI/ML Platform Evaluation,32,2025-11-30
Prairie Technologies,Cloud Migration,90,2026-02-16
Trailhead Solutions,Remote Work Tools,60,2026-03-24
Voyage Partners,General Industry News,47,2025-12-17
Foundry Systems,General Industry News,59,2026-07-28
Solstice Holdings,Remote Work Tools,22,2025-12-11
Summit Solutions,Cloud Infrastructure Pricing,61,2025-12-20
Bluepeak Corp,AI/ML Platform Evaluation,22,2025-12-03
Upland Partners,Cloud Infrastructure Pricing,60,2026-04-24
Juniper Group,Data Security Compliance,77,2026-07-08
Compass Networks,General Industry News,42,2026-01-17
Riverton Solutions,Cloud Migration,71,2025-12-12
Longview Networks,Remote Work Tools,37,2026-03-20
Inlet Partners,Marketing Automation Tools,20,2025-11-26
Questline Systems,Marketing Automation Tools,33,2026-05-24
Compass Holdings,Cloud Infrastructure Pricing,58,2026-06-25
Delta Holdings,Data Security Compliance,45,2026-04-26
Westbrook Networks,Remote Work Tools,21,2026-06-23
Openfield Holdings,Data Security Compliance,23,2026-03-31
Riverton Solutions,General Industry News,31,2026-01-25
Compass Holdings,AI/ML Platform Evaluation,26,2026-01-05
Redwood Corp,Remote Work Tools,15,2026-07-09
Foundry Systems,Cloud Infrastructure Pricing,13,2026-04-11
Quartz Inc,Data Security Compliance,27,2026-06-05
Umbrella Systems,AI/ML Platform Evaluation,74,2026-04-03
Quartz Systems,Remote Work Tools,23,2026-04-22
Crestwood Solutions,Remote Work Tools,13,2026-03-07
Zenith Networks,Marketing Automation Tools,51,2026-02-14
Foundry Systems,General Industry News,50,2025-12-02
Trailhead Solutions,Remote Work Tools,36,2026-02-15
Quartz Inc,Marketing Automation Tools,31,2026-04-25
Echo Holdings,Cloud Migration,9,2025-11-20
Voyage Partners,AI/ML Platform Evaluation,10,2026-01-14
Globex Inc,General Industry News,37,2025-12-08
Solstice Networks,General Industry News,34,2026-05-13
Parallel Inc,AI/ML Platform Evaluation,30,2026-01-24
Vireo Holdings,Remote Work Tools,43,2026-01-11
Windward Inc,Remote Work Tools,60,2026-01-18
Quartz Inc,Cloud Migration,90,2026-07-13
Parallel Inc,General Industry News,17,2026-08-08
Compass Networks,Cloud Migration,73,2026-07-17
Openfield Systems,Cloud Migration,86,2026-01-12
Ironclad Group,Marketing Automation Tools,38,2026-03-17
Vireo Group,AI/ML Platform Evaluation,10,2026-02-26
Juniper Group,Data Security Compliance,47,2026-07-23
Globex Labs,AI/ML Platform Evaluation,17,2026-06-04
Zenith Networks,Remote Work Tools,57,2026-05-12
Summit Networks,General Industry News,39,2025-11-13
Westbrook Networks,Cloud Migration,70,2026-04-13
Vantage Partners,Remote Work Tools,32,2026-03-19
Marlin Technologies,General Industry News,56,2026-03-15
Longview Holdings,Marketing Automation Tools,15,2026-07-10
Marlin Technologies,Marketing Automation Tools,55,2026-06-17
Compass Networks,Remote Work Tools,38,2026-07-31
Landmark Systems,Cloud Migration,17,2026-05-01
Delta Inc,General Industry News,54,2026-01-10
Prairie Technologies,Cloud Infrastructure Pricing,76,2026-01-30
Vireo Holdings,Data Security Compliance,22,2025-12-01
Highmark Holdings,General Industry News,13,2026-01-01
Axiom Corp,General Industry News,58,2026-06-07
Redwood Corp,General Industry News,51,2026-03-25
Landmark Corp,Remote Work Tools,49,2026-03-23
Zenith Corp,Marketing Automation Tools,21,2026-07-19
Openfield Systems,Cloud Infrastructure Pricing,16,2026-05-26
Vantage Corp,General Industry News,58,2026-04-14
Bluepeak Corp,General Industry News,59,2025-11-22
Compass Networks,Cloud Infrastructure Pricing,80,2026-07-08
Yellowstone Systems,General Industry News,23,2026-01-31
Vantage Partners,Marketing Automation Tools,16,2026-01-15
Riverton Solutions,Cloud Migration,67,2025-12-07
Questline Systems,Remote Work Tools,46,2026-08-01
Acme Partners,Remote Work Tools,56,2026-05-13
Questline Corp,Cloud Infrastructure Pricing,62,2026-06-15
Zenith Corp,Cloud Infrastructure Pricing,75,2026-08-08
Quartz Labs,Cloud Infrastructure Pricing,7,2025-11-15
Stellar Corp,Cloud Migration,7,2026-02-28
Zenith Networks,General Industry News,14,2026-04-22
Marlin Technologies,Data Security Compliance,22,2026-03-31
Parallel Inc,Cloud Infrastructure Pricing,25,2026-03-18
Solstice Holdings,Cloud Infrastructure Pricing,75,2026-03-19
Parallel Holdings,Cloud Infrastructure Pricing,16,2026-07-23
Ironclad Group,General Industry News,18,2026-06-12
Wavelength Holdings,Marketing Automation Tools,44,2025-11-11
Openfield Holdings,Cloud Infrastructure Pricing,12,2025-11-24
Delta Inc,Cloud Migration,15,2026-01-14
Acme Partners,AI/ML Platform Evaluation,24,2025-11-07
Openfield Systems,Remote Work Tools,15,2026-02-07
Questline Corp,AI/ML Platform Evaluation,48,2026-05-12
Vantage Partners,AI/ML Platform Evaluation,48,2026-02-19
Compass Partners,General Industry News,44,2026-02-23
Voyage Partners,Marketing Automation Tools,42,2026-05-04
Highmark Holdings,Cloud Infrastructure Pricing,62,2026-03-06
Questline Labs,Marketing Automation Tools,57,2026-02-23
Silverline Corp,General Industry News,14,2025-12-21
Nightingale Inc,General Industry News,12,2026-04-09
Summit Solutions,Remote Work Tools,16,2025-12-09
Delta Holdings,Marketing Automation Tools,44,2026-04-16
Acme Partners,Marketing Automation Tools,51,2025-12-19
Compass Holdings,Cloud Infrastructure Pricing,62,2026-07-04
Foundry Systems,Data Security Compliance,26,2026-04-19
Stellar Systems,Data Security Compliance,56,2026-01-21
Compass Holdings,Remote Work Tools,41,2025-11-08
Openfield Systems,General Industry News,14,2026-07-01
Landmark Systems,Cloud Infrastructure Pricing,70,2026-02-10
Umbrella Systems,Cloud Migration,64,2026-03-07
Compass Holdings,General Industry News,17,2025-11-14
Ridgeline Labs,Cloud Infrastructure Pricing,13,2026-02-15
Parallel Holdings,Cloud Migration,8,2026-03-17
Marlin Technologies,Cloud Infrastructure Pricing,22,2025-11-25
Summit Solutions,AI/ML Platform Evaluation,32,2026-04-07
Ironclad Group,Remote Work Tools,15,2026-01-27
Openfield Systems,Cloud Infrastructure Pricing,80,2026-01-14
Openfield Systems,Cloud Migration,92,2025-12-05
Openfield Systems,Cloud Migration,57,2025-11-29
Parallel Holdings,AI/ML Platform Evaluation,18,2026-01-06
Foundry Systems,AI/ML Platform Evaluation,38,2026-04-16
Upland Partners,Data Security Compliance,63,2026-05-08
Orbit Labs,Cloud Migration,16,2025-11-10
Prairie Technologies,Marketing Automation Tools,27,2026-02-22
Summit Networks,Marketing Automation Tools,47,2026-03-22
Questline Corp,Cloud Infrastructure Pricing,66,2026-05-05
Vireo Holdings,Data Security Compliance,54,2026-02-14
Delta Inc,Data Security Compliance,14,2026-06-25
Zenith Corp,General Industry News,43,2026-02-27
Riverton Solutions,Cloud Infrastructure Pricing,53,2026-01-21
Upland Partners,Cloud Migration,86,2026-04-19
Yellowstone Systems,Remote Work Tools,12,2025-12-14
Bluepeak Corp,Marketing Automation Tools,60,2026-02-15
Juniper Group,Data Security Compliance,72,2026-06-21
Openfield Holdings,Remote Work Tools,35,2026-01-03
Zenith Corp,General Industry News,32,2026-03-31
Quartz Inc,AI/ML Platform Evaluation,18,2026-05-12
Stellar Systems,Data Security Compliance,19,2026-03-19
Landmark Systems,Remote Work Tools,38,2026-02-27
Nightingale Inc,Data Security Compliance,8,2025-12-08
Parallel Holdings,Remote Work Tools,49,2025-12-30
Echo Holdings,Data Security Compliance,22,2026-06-19
Vantage Partners,Marketing Automation Tools,46,2026-07-13
Zenith Corp,Cloud Infrastructure Pricing,67,2026-07-23
Umbrella Systems,Data Security Compliance,43,2026-02-27
Marlin Technologies,Marketing Automation Tools,26,2025-12-17
Axiom Corp,General Industry News,37,2026-03-23
Quartz Labs,Marketing Automation Tools,44,2025-11-10
Silverline Corp,Remote Work Tools,29,2026-02-09
Marlin Technologies,General Industry News,17,2025-11-12
Quartz Inc,Data Security Compliance,56,2026-07-11
Delta Holdings,Data Security Compliance,49,2026-04-26
Marlin Technologies,Marketing Automation Tools,27,2026-04-19
Ironclad Group,Remote Work Tools,31,2025-11-19
Vantage Corp,Marketing Automation Tools,58,2025-11-16
Crestwood Solutions,Cloud Migration,17,2026-07-23
Zenith Networks,General Industry News,41,2026-08-03
Riverton Solutions,AI/ML Platform Evaluation,74,2025-12-11
Delta Holdings,Remote Work Tools,26,2026-05-17
Questline Corp,Remote Work Tools,43,2026-08-09
Umbrella Systems,Data Security Compliance,41,2026-04-01
Gatepost Solutions,General Industry News,59,2025-12-28
Foundry Systems,Cloud Migration,71,2026-04-12
Highmark Holdings,Cloud Migration,95,2026-02-25
Redwood Labs,Remote Work Tools,13,2026-02-26
Landmark Systems,AI/ML Platform Evaluation,13,2026-06-10
Stellar Corp,Marketing Automation Tools,46,2026-01-01
Marlin Technologies,Data Security Compliance,26,2026-06-10
Vireo Holdings,General Industry News,23,2026-07-21
Openfield Systems,AI/ML Platform Evaluation,70,2026-01-08
Umbrella Systems,Cloud Migration,93,2026-03-02
Solstice Holdings,Cloud Infrastructure Pricing,80,2026-03-06
Zenith Corp,Remote Work Tools,55,2026-03-23
Quartz Systems,Cloud Infrastructure Pricing,11,2026-02-07
Trailhead Solutions,Marketing Automation Tools,19,2026-07-08
Echo Holdings,Marketing Automation Tools,56,2026-05-25
Wavelength Holdings,Marketing Automation Tools,46,2025-11-06
Redwood Corp,Cloud Migration,17,2026-07-10
Echo Holdings,Data Security Compliance,64,2026-07-10
Summit Networks,Remote Work Tools,40,2026-02-06
Solstice Networks,Data Security Compliance,25,2025-11-12
Vireo Holdings,General Industry News,14,2026-04-29
Trailhead Solutions,Marketing Automation Tools,57,2026-04-28
Compass Partners,AI/ML Platform Evaluation,15,2026-06-09
Westbrook Networks,Data Security Compliance,47,2026-04-19
Delta Holdings,Remote Work Tools,16,2025-12-16
Yellowstone Systems,Remote Work Tools,15,2026-08-02
Riverton Solutions,Data Security Compliance,48,2025-12-16
Parallel Holdings,Cloud Infrastructure Pricing,24,2026-04-18
Vireo Holdings,Cloud Migration,19,2025-12-06
Longview Holdings,Marketing Automation Tools,30,2026-07-12
Questline Corp,AI/ML Platform Evaluation,30,2025-11-20
Openfield Systems,Cloud Migration,64,2026-01-02
Parallel Partners,Remote Work Tools,55,2026-07-28
Vireo Holdings,Cloud Migration,56,2026-01-29
Zenith Networks,Marketing Automation Tools,59,2026-02-26
Silverline Corp,Data Security Compliance,23,2026-03-22
Marlin Technologies,Remote Work Tools,16,2025-11-23
Globex Labs,Data Security Compliance,12,2026-01-24
Compass Networks,Data Security Compliance,24,2026-07-31
Redwood Labs,Data Security Compliance,9,2026-01-11
Upland Partners,Cloud Infrastructure Pricing,76,2026-04-16
Kingsley Labs,Data Security Compliance,8,2026-03-06
Longview Holdings,Marketing Automation Tools,40,2026-03-13
Solstice Networks,Remote Work Tools,46,2026-02-28
Silverline Corp,Remote Work Tools,27,2026-07-11
Parallel Partners,Cloud Infrastructure Pricing,8,2025-11-04
Gatepost Solutions,General Industry News,24,2025-11-16
Highmark Holdings,Marketing Automation Tools,54,2026-02-03
Orbit Labs,Marketing Automation Tools,25,2025-12-22
Silverline Corp,AI/ML Platform Evaluation,68,2026-08-02
Quartz Inc,AI/ML Platform Evaluation,38,2026-07-09
Zenith Corp,AI/ML Platform Evaluation,18,2025-11-03
Compass Networks,General Industry News,32,2026-01-22
Gatepost Partners,Remote Work Tools,35,2026-03-23
Yellowstone Systems,Cloud Migration,20,2026-05-13
Landmark Systems,Marketing Automation Tools,50,2025-11-29
Ivy Corp,Marketing Automation Tools,35,2026-07-29
Compass Networks,General Industry News,24,2026-03-11
Questline Labs,General Industry News,10,2026-06-06
Solstice Networks,Remote Work Tools,34,2025-11-15
Vireo Holdings,General Industry News,17,2025-11-12
Summit Networks,Marketing Automation Tools,58,2025-12-30
Yellowstone Systems,Marketing Automation Tools,20,2026-04-24
Acme Partners,Data Security Compliance,44,2026-02-18
Questline Labs,Marketing Automation Tools,50,2026-01-23
Windward Inc,Marketing Automation Tools,12,2026-02-02
Summit Networks,AI/ML Platform Evaluation,20,2026-01-12
Bluepeak Corp,Marketing Automation Tools,58,2026-06-22
Windward Inc,Cloud Migration,17,2026-02-18
Gatepost Partners,Marketing Automation Tools,58,2026-04-29
Wavelength Holdings,Remote Work Tools,24,2026-05-15
Delta Holdings,Data Security Compliance,45,2026-04-27
Openfield Systems,Cloud Infrastructure Pricing,64,2026-01-13
Kingsley Holdings,Remote Work Tools,22,2025-12-23
Redwood Labs,Marketing Automation Tools,24,2026-06-24
Stellar Corp,General Industry News,56,2026-07-23
Openfield Systems,Marketing Automation Tools,46,2025-11-05
Quartz Labs,Remote Work Tools,57,2026-07-23
Solstice Holdings,Cloud Infrastructure Pricing,62,2026-03-08
Kingsley Labs,Cloud Infrastructure Pricing,24,2026-07-29
Highmark Holdings,Cloud Infrastructure Pricing,82,2026-03-19
Highmark Holdings,Data Security Compliance,11,2026-07-08
Orbit Labs,Remote Work Tools,43,2026-03-31
Foundry Systems,AI/ML Platform Evaluation,63,2026-04-20
Stellar Systems,Data Security Compliance,71,2026-01-27
Umbrella Systems,Data Security Compliance,16,2026-04-10
Longview Holdings,Cloud Infrastructure Pricing,17,2025-12-30
Parallel Holdings,Remote Work Tools,17,2025-12-24
Delta Holdings,Cloud Migration,87,2026-05-14
Riverton Solutions,Cloud Infrastructure Pricing,76,2025-12-04
Landmark Systems,AI/ML Platform Evaluation,56,2026-02-05
Bluepeak Corp,AI/ML Platform Evaluation,33,2026-06-09
Ivy Corp,General Industry News,51,2026-06-08
Axiom Corp,Data Security Compliance,40,2026-07-21
Prairie Technologies,Cloud Migration,56,2026-01-16
Questline Systems,Marketing Automation Tools,43,2026-07-14
Ironclad Group,Data Security Compliance,30,2026-03-25
Vireo Holdings,Remote Work Tools,56,2025-11-29
Upland Partners,AI/ML Platform Evaluation,69,2026-05-12
Gatepost Partners,Marketing Automation Tools,42,2026-05-01
Questline Corp,Cloud Migration,70,2026-04-25
Axiom Corp,Data Security Compliance,56,2026-07-06
Questline Labs,Cloud Migration,8,2026-03-06
Quartz Inc,General Industry News,35,2026-02-28
Solstice Networks,Remote Work Tools,43,2026-06-10
Solstice Holdings,Cloud Infrastructure Pricing,51,2026-04-07
Crestwood Solutions,General Industry News,16,2026-05-22
Umbrella Systems,Data Security Compliance,67,2026-03-01
Acme Partners,Remote Work Tools,20,2026-05-13
Delta Holdings,Cloud Infrastructure Pricing,62,2026-04-23
Summit Networks,Data Security Compliance,23,2026-07-01
Solstice Holdings,Cloud Infrastructure Pricing,25,2026-04-29
Riverton Solutions,AI/ML Platform Evaluation,74,2025-12-25
Vireo Holdings,Data Security Compliance,59,2026-02-10
Longview Networks,Cloud Migration,60,2026-05-15
Landmark Systems,Cloud Migration,55,2026-02-19
Foundry Systems,Cloud Infrastructure Pricing,76,2026-04-16
Questline Systems,Remote Work Tools,49,2026-07-31
Questline Corp,Cloud Infrastructure Pricing,64,2026-04-22
Acme Partners,Data Security Compliance,65,2026-02-07
Solstice Networks,General Industry News,14,2026-01-08
Questline Labs,General Industry News,19,2026-03-08
Questline Corp,General Industry News,12,2026-02-05
Umbrella Systems,AI/ML Platform Evaluation,61,2026-04-01
Openfield Systems,Remote Work Tools,36,2025-11-23
Stellar Systems,Marketing Automation Tools,58,2026-05-02
Solstice Networks,Cloud Infrastructure Pricing,22,2026-03-14
Crestwood Solutions,Data Security Compliance,16,2026-03-11
Redwood Corp,General Industry News,28,2026-02-08
Upland Partners,Cloud Migration,73,2026-04-16
Prairie Technologies,Remote Work Tools,23,2026-05-18
Questline Corp,Data Security Compliance,13,2026-07-24
Openfield Systems,Remote Work Tools,39,2025-11-08
Beacon Systems,AI/ML Platform Evaluation,28,2026-05-27
Foundry Systems,AI/ML Platform Evaluation,42,2026-03-29
Quartz Inc,Data Security Compliance,17,2025-12-04
Landmark Systems,General Industry News,32,2026-04-17
Kingsley Labs,Remote Work Tools,13,2026-03-10
Beacon Systems,Marketing Automation Tools,21,2026-07-11
Landmark Corp,General Industry News,20,2026-02-06
Quartz Inc,Cloud Infrastructure Pricing,76,2026-06-02
Delta Holdings,Remote Work Tools,26,2026-03-07
Summit Solutions,Cloud Migration,77,2026-01-27
Highmark Holdings,Marketing Automation Tools,49,2026-02-20
Parallel Partners,Cloud Migration,8,2026-06-27
Questline Corp,Cloud Migration,60,2026-05-30
Vireo Holdings,Cloud Migration,84,2026-02-21
Zenith Corp,General Industry News,52,2025-12-23
Orbit Labs,Data Security Compliance,68,2026-07-02
Questline Corp,Cloud Infrastructure Pricing,56,2026-06-03
Voyage Partners,Cloud Infrastructure Pricing,11,2025-11-11
Voyage Partners,General Industry News,14,2026-07-08
Gatepost Partners,Marketing Automation Tools,50,2026-06-03
Gatepost Solutions,Cloud Infrastructure Pricing,17,2025-11-15
Openfield Holdings,Cloud Infrastructure Pricing,23,2026-07-13
Redwood Labs,Remote Work Tools,12,2026-02-04
Ridgeline Labs,General Industry News,60,2026-01-21
Landmark Corp,General Industry News,58,2026-01-11
Solstice Holdings,AI/ML Platform Evaluation,68,2026-03-27
Zenith Corp,Cloud Infrastructure Pricing,59,2026-06-13
Vantage Partners,Cloud Infrastructure Pricing,10,2026-02-08
Upland Partners,Remote Work Tools,45,2025-12-17
Longview Networks,Remote Work Tools,50,2026-03-07
Silverline Corp,AI/ML Platform Evaluation,19,2026-04-29
Umbrella Systems,Cloud Infrastructure Pricing,52,2026-03-05
Parallel Holdings,AI/ML Platform Evaluation,27,2026-01-27
Redwood Labs,General Industry News,35,2026-06-22
Compass Holdings,AI/ML Platform Evaluation,35,2026-04-28
Juniper Group,General Industry News,12,2026-02-19
Juniper Group,Remote Work Tools,18,2026-07-23
Highmark Holdings,Cloud Infrastructure Pricing,61,2026-02-24
Riverton Solutions,General Industry News,21,2026-01-15
Riverton Solutions,Cloud Migration,77,2026-01-25
Stellar Systems,AI/ML Platform Evaluation,10,2026-03-27
Parallel Partners,Marketing Automation Tools,11,2026-05-29
Fairwind Partners,Marketing Automation Tools,22,2026-03-16
Westbrook Networks,AI/ML Platform Evaluation,68,2026-04-15
Landmark Corp,Cloud Infrastructure Pricing,23,2026-08-04
Umbrella Systems,Cloud Migration,85,2026-03-16
Landmark Systems,Cloud Migration,58,2026-02-06
Upland Partners,Cloud Infrastructure Pricing,73,2026-04-09
Trailhead Solutions,Data Security Compliance,12,2026-04-13
Bluepeak Corp,AI/ML Platform Evaluation,34,2026-08-05
Axiom Corp,Marketing Automation Tools,56,2026-03-09
Riverton Solutions,Data Security Compliance,59,2026-01-20
Solstice Holdings,General Industry News,57,2025-12-21
Umbrella Systems,Data Security Compliance,16,2026-06-02
Delta Holdings,Marketing Automation Tools,43,2026-06-08
Kingsley Holdings,Marketing Automation Tools,14,2026-07-07
Zenith Corp,Data Security Compliance,21,2026-02-14
Westbrook Networks,Data Security Compliance,68,2026-04-18
Zenith Corp,Remote Work Tools,38,2026-01-31
Globex Inc,Remote Work Tools,51,2025-12-07
Orbit Labs,General Industry News,46,2026-01-10
Underhill Networks,Cloud Migration,5,2026-04-09
Westbrook Networks,Cloud Infrastructure Pricing,76,2026-03-18
Nightingale Inc,Marketing Automation Tools,60,2026-08-01
Landmark Corp,Remote Work Tools,43,2026-04-11
Gatepost Solutions,Cloud Migration,86,2026-05-10
Ivy Corp,Data Security Compliance,30,2025-11-19
Westbrook Networks,Cloud Migration,66,2026-04-16
Juniper Group,General Industry News,46,2026-05-20
Juniper Group,Data Security Compliance,44,2026-06-23
Prairie Technologies,Cloud Infrastructure Pricing,59,2026-02-28
Compass Networks,Cloud Infrastructure Pricing,68,2026-07-31
Openfield Holdings,Cloud Migration,15,2025-11-01
Gatepost Solutions,Cloud Infrastructure Pricing,65,2026-05-15
Vireo Group,Data Security Compliance,17,2026-04-05
Gatepost Solutions,Data Security Compliance,30,2026-03-01
Vireo Holdings,Cloud Migration,85,2026-02-06
Longview Holdings,Marketing Automation Tools,46,2026-04-11
Compass Holdings,Cloud Migration,93,2026-08-05
Longview Networks,Cloud Migration,89,2026-05-13
Fairwind Partners,Remote Work Tools,35,2026-04-28
Crestwood Solutions,General Industry News,34,2025-11-23
Wavelength Holdings,Remote Work Tools,50,2025-11-07
Questline Systems,Cloud Infrastructure Pricing,7,2026-04-21
Summit Networks,Cloud Migration,7,2026-04-06
Kingsley Holdings,Data Security Compliance,53,2026-06-09
Voyage Partners,AI/ML Platform Evaluation,16,2026-07-01
Axiom Corp,Data Security Compliance,75,2026-07-18
Solstice Networks,Marketing Automation Tools,31,2026-02-24
Windward Inc,General Industry News,33,2025-11-14
Ironclad Group,General Industry News,23,2026-01-16
Questline Labs,Marketing Automation Tools,26,2026-06-30
Ivy Corp,Marketing Automation Tools,18,2026-02-24
Underhill Networks,Remote Work Tools,30,2026-01-06
Westbrook Networks,Remote Work Tools,23,2026-01-19
Quartz Inc,Cloud Migration,68,2026-07-03
Vireo Group,Marketing Automation Tools,36,2026-03-18
Solstice Holdings,General Industry News,12,2026-02-16
Prairie Technologies,Cloud Migration,8,2026-01-01
Vertex Corp,Remote Work Tools,40,2026-04-08
Vantage Partners,General Industry News,50,2025-11-21
Riverton Solutions,Marketing Automation Tools,47,2025-11-14
Prairie Technologies,Cloud Migration,95,2026-01-27
Stellar Corp,Cloud Infrastructure Pricing,9,2026-06-30
Questline Systems,AI/ML Platform Evaluation,11,2026-04-13
Inlet Partners,General Industry News,51,2026-05-23
Westbrook Networks,Cloud Migration,85,2026-05-02
Nightingale Inc,Data Security Compliance,53,2026-03-14
Openfield Holdings,AI/ML Platform Evaluation,22,2026-07-14
Compass Holdings,AI/ML Platform Evaluation,31,2026-01-19
Beacon Systems,AI/ML Platform Evaluation,17,2026-05-05
Riverton Solutions,AI/ML Platform Evaluation,72,2026-01-06
Foundry Systems,General Industry News,58,2026-01-29
Parallel Partners,Marketing Automation Tools,22,2025-12-11
Vireo Holdings,Marketing Automation Tools,41,2026-04-15
Longview Holdings,Cloud Migration,9,2025-12-03
Umbrella Systems,AI/ML Platform Evaluation,56,2026-04-07
Stellar Systems,Data Security Compliance,43,2026-01-12
Umbrella Systems,Cloud Migration,20,2026-06-23
Kingsley Holdings,General Industry News,22,2026-07-28
Voyage Partners,Marketing Automation Tools,42,2026-04-15
Ivy Corp,Marketing Automation Tools,12,2025-11-08
Juniper Group,Marketing Automation Tools,12,2026-07-30
Vantage Partners,General Industry News,54,2026-03-01
Globex Labs,Cloud Infrastructure Pricing,22,2025-11-03
Nightingale Inc,Data Security Compliance,40,2026-02-27
Solstice Holdings,Cloud Migration,82,2026-04-10
Redwood Corp,Data Security Compliance,25,2026-04-22
Quartz Systems,Cloud Migration,61,2026-06-14
Foundry Systems,AI/ML Platform Evaluation,52,2026-02-27
Riverton Solutions,Marketing Automation Tools,41,2026-08-07
Longview Networks,Cloud Migration,91,2026-05-24
Vireo Group,Data Security Compliance,17,2026-05-13
Stellar Corp,General Industry News,28,2026-04-07
Wavelength Holdings,Remote Work Tools,34,2026-04-01
Longview Holdings,General Industry News,17,2026-05-24
Zenith Corp,Cloud Infrastructure Pricing,62,2026-07-31
Compass Holdings,Remote Work Tools,32,2026-01-10
Upland Partners,Cloud Migration,86,2026-04-19
Redwood Corp,Remote Work Tools,18,2025-11-03
Solstice Holdings,Cloud Migration,67,2026-04-18
Nightingale Inc,AI/ML Platform Evaluation,31,2026-05-15
Questline Systems,Data Security Compliance,19,2026-07-25
Redwood Corp,Data Security Compliance,24,2025-12-23
Zenith Corp,Cloud Migration,61,2026-08-02
Zenith Networks,AI/ML Platform Evaluation,16,2026-02-11
Upland Partners,Remote Work Tools,25,2026-04-09
Kingsley Holdings,AI/ML Platform Evaluation,28,2026-01-13
Summit Solutions,Cloud Infrastructure Pricing,53,2025-12-23
Prairie Technologies,AI/ML Platform Evaluation,26,2026-06-20
Zenith Networks,Data Security Compliance,23,2026-03-23
Crestwood Solutions,Marketing Automation Tools,53,2026-03-24
Gatepost Solutions,Marketing Automation Tools,59,2026-03-03
Stellar Systems,Remote Work Tools,12,2026-04-27
Solstice Holdings,AI/ML Platform Evaluation,23,2026-07-29
Stellar Systems,General Industry News,25,2026-06-01
Solstice Networks,Remote Work Tools,42,2025-11-12
Silverline Corp,Remote Work Tools,30,2025-12-31
Umbrella Systems,Remote Work Tools,59,2026-02-26
Quartz Inc,General Industry News,39,2026-06-30
Crestwood Solutions,General Industry News,36,2026-02-16
Vireo Holdings,Cloud Migration,70,2026-03-10
Compass Holdings,Cloud Migration,11,2026-04-28
Vireo Holdings,Cloud Migration,55,2026-02-20
Compass Partners,Cloud Migration,5,2026-08-02
Ironclad Group,Remote Work Tools,11,2026-01-05
Bluepeak Corp,Cloud Infrastructure Pricing,55,2026-07-26
Highmark Holdings,Cloud Migration,68,2026-04-10
Parallel Inc,Marketing Automation Tools,14,2026-07-02
Foundry Systems,Remote Work Tools,47,2025-11-08
Zenith Corp,General Industry News,54,2026-01-24
Zenith Corp,Cloud Migration,66,2026-06-18
Gatepost Partners,Marketing Automation Tools,60,2026-05-29
Openfield Systems,Remote Work Tools,11,2026-04-20
Globex Inc,Marketing Automation Tools,25,2026-01-05
Gatepost Partners,General Industry News,51,2026-01-20
Openfield Systems,Data Security Compliance,76,2025-12-05
Stellar Systems,General Industry News,27,2026-06-25
Nightingale Inc,Remote Work Tools,14,2025-11-16
Upland Partners,Marketing Automation Tools,48,2026-06-27
Upland Partners,Data Security Compliance,42,2026-04-28
Landmark Systems,Cloud Migration,20,2025-11-22
Kingsley Holdings,Data Security Compliance,9,2026-01-27
Solstice Networks,AI/ML Platform Evaluation,19,2026-04-22
Compass Holdings,Cloud Migration,85,2026-07-30
Yellowstone Systems,Cloud Infrastructure Pricing,10,2025-12-27
