Company Name,Topic,Intent Score,Activity Date
Union Group (Prospect),Data Security Compliance,90,2026-06-20
Questline Solutions (Prospect),Data Security Compliance,20,2026-06-30
Clearview Partners (Prospect),AI/ML Platform Evaluation,39,2026-08-18
Underhill Corp (Prospect),Cloud Infrastructure Pricing,22,2026-08-06
Riverton Inc (Prospect),Data Security Compliance,88,2026-07-17
Compass Labs (Prospect),Marketing Automation Tools,12,2026-08-01
Longview Inc (Prospect),Cloud Migration,71,2026-06-23
Stellar Labs (Prospect),General Industry News,21,2026-06-11
Skyline Networks (Prospect),Data Security Compliance,95,2026-07-04
Riverton Inc (Prospect),Data Security Compliance,94,2026-07-27
Driftwood Networks (Prospect),AI/ML Platform Evaluation,77,2026-08-22
Riverton Inc (Prospect),AI/ML Platform Evaluation,72,2026-07-06
Landmark Systems (Prospect),Data Security Compliance,88,2026-07-18
Skyline Networks (Prospect),AI/ML Platform Evaluation,83,2026-08-09
Yellowstone Solutions (Prospect),Data Security Compliance,17,2026-06-30
Riverton Inc (Prospect),Cloud Infrastructure Pricing,17,2026-06-24
Skyline Networks (Prospect),Data Security Compliance,70,2026-07-25
Underhill Corp (Prospect),Cloud Migration,71,2026-06-17
Yellowstone Holdings (Prospect),Data Security Compliance,76,2026-06-10
Redwood Inc (Prospect),AI/ML Platform Evaluation,55,2026-07-22
Landmark Systems (Prospect),Cloud Migration,94,2026-07-27
Fairwind Networks (Prospect),Cloud Migration,71,2026-07-04
Ashgrove Inc (Prospect),Remote Work Tools,24,2026-07-12
Fairwind Networks (Prospect),Data Security Compliance,70,2026-07-21
Driftwood Networks (Prospect),AI/ML Platform Evaluation,72,2026-06-17
Junction Systems (Prospect),Cloud Migration,85,2026-07-22
Underhill Corp (Prospect),Cloud Migration,71,2026-08-14
Junction Systems (Prospect),Data Security Compliance,68,2026-07-31
Bluepeak Group (Prospect),Marketing Automation Tools,14,2026-07-09
Yellowstone Holdings (Prospect),Data Security Compliance,84,2026-08-13
Longview Inc (Prospect),Cloud Migration,76,2026-07-21
Junction Systems (Prospect),Remote Work Tools,9,2026-08-16
Yellowstone Holdings (Prospect),Cloud Migration,65,2026-06-29
Compass Labs (Prospect),Remote Work Tools,7,2026-08-20
Yellowstone Holdings (Prospect),AI/ML Platform Evaluation,87,2026-07-19
Union Group (Prospect),Cloud Migration,90,2026-06-19
Stellar Labs (Prospect),Cloud Infrastructure Pricing,10,2026-07-30
Ashgrove Solutions (Prospect),Cloud Migration,66,2026-06-09
Vireo Solutions (Prospect),Data Security Compliance,65,2026-08-21
Highmark Solutions (Prospect),AI/ML Platform Evaluation,22,2026-06-15
Underhill Corp (Prospect),Data Security Compliance,76,2026-06-14
Longview Inc (Prospect),Data Security Compliance,73,2026-06-19
Riverton Inc (Prospect),General Industry News,12,2026-06-26
Compass Labs (Prospect),AI/ML Platform Evaluation,72,2026-06-11
Fairwind Networks (Prospect),Cloud Migration,73,2026-07-22
Ashgrove Solutions (Prospect),Data Security Compliance,25,2026-06-22
Skyline Networks (Prospect),Data Security Compliance,66,2026-07-01
Riverton Inc (Prospect),AI/ML Platform Evaluation,92,2026-07-26
Compass Labs (Prospect),Cloud Migration,80,2026-06-24
Questline Solutions (Prospect),Cloud Migration,64,2026-06-19
Ashgrove Solutions (Prospect),AI/ML Platform Evaluation,18,2026-06-28
Elevate Group (Prospect),Cloud Migration,75,2026-06-25
Stellar Labs (Prospect),Cloud Migration,8,2026-07-20
Driftwood Networks (Prospect),Data Security Compliance,94,2026-08-11
Redwood Inc (Prospect),AI/ML Platform Evaluation,36,2026-07-05
Union Group (Prospect),Cloud Migration,79,2026-08-20
Skyline Networks (Prospect),AI/ML Platform Evaluation,83,2026-08-08
Driftwood Networks (Prospect),Data Security Compliance,81,2026-07-01
Riverton Inc (Prospect),AI/ML Platform Evaluation,92,2026-08-12
Riverton Inc (Prospect),Cloud Migration,84,2026-07-30
Redwood Inc (Prospect),Cloud Migration,12,2026-07-26
Compass Labs (Prospect),Data Security Compliance,80,2026-06-10
Landmark Systems (Prospect),Data Security Compliance,65,2026-06-12
Riverton Inc (Prospect),AI/ML Platform Evaluation,76,2026-07-18
Landmark Systems (Prospect),Cloud Migration,68,2026-07-28
Compass Labs (Prospect),AI/ML Platform Evaluation,81,2026-06-28
Skyline Networks (Prospect),Data Security Compliance,68,2026-07-08
Stellar Labs (Prospect),Cloud Migration,61,2026-07-10
Longview Inc (Prospect),Data Security Compliance,61,2026-08-21
Skyline Networks (Prospect),Cloud Migration,78,2026-08-01
Landmark Systems (Prospect),Cloud Migration,76,2026-06-18
Driftwood Networks (Prospect),AI/ML Platform Evaluation,74,2026-08-16
Ashgrove Inc (Prospect),Cloud Migration,86,2026-06-20
Riverton Inc (Prospect),AI/ML Platform Evaluation,82,2026-07-14
Marlin Holdings (Prospect),AI/ML Platform Evaluation,18,2026-06-17
Landmark Systems (Prospect),Data Security Compliance,78,2026-06-18
Landmark Systems (Prospect),Cloud Migration,73,2026-08-03
Highmark Solutions (Prospect),Data Security Compliance,91,2026-08-15
Junction Systems (Prospect),Data Security Compliance,75,2026-07-06
Elevate Technologies (Prospect),General Industry News,10,2026-07-07
Driftwood Networks (Prospect),Cloud Migration,80,2026-07-13
Driftwood Networks (Prospect),AI/ML Platform Evaluation,86,2026-06-10
Junction Systems (Prospect),AI/ML Platform Evaluation,78,2026-06-27
Vireo Solutions (Prospect),Cloud Migration,75,2026-08-20
Longview Inc (Prospect),Cloud Migration,65,2026-06-19
Clearview Partners (Prospect),Data Security Compliance,18,2026-07-11
Yellowstone Solutions (Prospect),AI/ML Platform Evaluation,19,2026-07-10
Fairwind Networks (Prospect),Cloud Migration,82,2026-08-04
Skyline Networks (Prospect),Cloud Migration,89,2026-06-10
Truenorth Group (Prospect),Data Security Compliance,17,2026-08-04
Underhill Corp (Prospect),Cloud Migration,68,2026-07-10
Yellowstone Holdings (Prospect),AI/ML Platform Evaluation,75,2026-08-08
Wavelength Inc (Prospect),Cloud Infrastructure Pricing,5,2026-08-14
Landmark Systems (Prospect),AI/ML Platform Evaluation,10,2026-07-06
Stellar Partners (Prospect),General Industry News,20,2026-07-14
Landmark Systems (Prospect),Data Security Compliance,66,2026-06-18
Compass Labs (Prospect),Cloud Migration,86,2026-08-06
Landmark Systems (Prospect),Cloud Migration,92,2026-06-12
Stellar Labs (Prospect),Cloud Migration,69,2026-07-11
Compass Labs (Prospect),Cloud Migration,76,2026-08-09
Ashgrove Solutions (Prospect),Cloud Migration,88,2026-06-09
Fairwind Networks (Prospect),Cloud Migration,83,2026-07-14
Yellowstone Holdings (Prospect),Cloud Migration,77,2026-06-12
Landmark Systems (Prospect),Marketing Automation Tools,9,2026-06-30
Stellar Labs (Prospect),Cloud Migration,83,2026-06-12
Riverton Inc (Prospect),Cloud Migration,74,2026-08-04
Landmark Systems (Prospect),Cloud Migration,85,2026-06-24
Driftwood Networks (Prospect),Data Security Compliance,77,2026-07-20
Skyline Networks (Prospect),Marketing Automation Tools,25,2026-06-16
Compass Labs (Prospect),Data Security Compliance,80,2026-06-24
Riverton Inc (Prospect),Cloud Migration,72,2026-07-03
Fairwind Networks (Prospect),Data Security Compliance,78,2026-06-23
Yellowstone Holdings (Prospect),Cloud Migration,75,2026-07-19
Junction Systems (Prospect),Data Security Compliance,67,2026-06-13
Redwood Inc (Prospect),AI/ML Platform Evaluation,59,2026-08-06
Vireo Solutions (Prospect),Data Security Compliance,88,2026-07-27
Junction Systems (Prospect),Cloud Migration,78,2026-08-18
Redwood Inc (Prospect),Data Security Compliance,19,2026-06-28
Skyline Networks (Prospect),Data Security Compliance,86,2026-06-14
Highmark Solutions (Prospect),Cloud Migration,65,2026-08-09
Highmark Solutions (Prospect),Cloud Migration,14,2026-08-20
Yellowstone Holdings (Prospect),Cloud Migration,80,2026-06-29
Fairwind Networks (Prospect),Cloud Migration,76,2026-06-18
Skyline Networks (Prospect),AI/ML Platform Evaluation,89,2026-08-20
Highmark Solutions (Prospect),AI/ML Platform Evaluation,90,2026-07-20
Yellowstone Solutions (Prospect),Cloud Infrastructure Pricing,5,2026-08-10
Highmark Solutions (Prospect),Data Security Compliance,81,2026-06-24
Vireo Solutions (Prospect),General Industry News,5,2026-07-24
Elevate Technologies (Prospect),Cloud Migration,21,2026-07-10
Ironclad Labs (Prospect),Cloud Infrastructure Pricing,18,2026-08-08
Junction Systems (Prospect),AI/ML Platform Evaluation,80,2026-06-19
Vireo Solutions (Prospect),Cloud Migration,89,2026-07-01
Yellowstone Holdings (Prospect),Data Security Compliance,82,2026-07-29
Elevate Group (Prospect),Cloud Migration,95,2026-06-24
Union Group (Prospect),Cloud Migration,65,2026-06-23
Yellowstone Holdings (Prospect),Marketing Automation Tools,19,2026-08-06
Longview Inc (Prospect),Data Security Compliance,75,2026-06-25
Ashgrove Solutions (Prospect),Cloud Migration,75,2026-07-18
Yellowstone Holdings (Prospect),Cloud Migration,12,2026-08-15
Underhill Corp (Prospect),Remote Work Tools,18,2026-07-04
Longview Inc (Prospect),Cloud Migration,67,2026-06-18
Stellar Labs (Prospect),AI/ML Platform Evaluation,25,2026-08-16
Questline Solutions (Prospect),Cloud Migration,62,2026-06-08
Driftwood Networks (Prospect),Cloud Infrastructure Pricing,13,2026-08-14
Fairwind Networks (Prospect),AI/ML Platform Evaluation,83,2026-07-21
Fairwind Networks (Prospect),Data Security Compliance,94,2026-08-04
Bluepeak Group (Prospect),Remote Work Tools,10,2026-08-18
Riverton Inc (Prospect),Data Security Compliance,95,2026-08-16
Elevate Group (Prospect),General Industry News,11,2026-07-10
Longview Inc (Prospect),Data Security Compliance,72,2026-07-01
Skyline Networks (Prospect),Cloud Migration,83,2026-07-12
Fairwind Networks (Prospect),Data Security Compliance,82,2026-07-21
Skyline Networks (Prospect),Cloud Migration,68,2026-08-09
Underhill Corp (Prospect),Data Security Compliance,68,2026-07-21
Stellar Labs (Prospect),Cloud Migration,88,2026-07-12
Yellowstone Holdings (Prospect),AI/ML Platform Evaluation,81,2026-06-20
Junction Systems (Prospect),Data Security Compliance,75,2026-06-14
Clearview Group (Prospect),Marketing Automation Tools,14,2026-08-11
Skyline Networks (Prospect),Cloud Migration,85,2026-08-18
Riverton Inc (Prospect),Data Security Compliance,85,2026-07-30
Compass Labs (Prospect),AI/ML Platform Evaluation,66,2026-06-22
Highmark Solutions (Prospect),Cloud Migration,92,2026-07-10
Truenorth Group (Prospect),AI/ML Platform Evaluation,13,2026-07-15
Skyline Networks (Prospect),AI/ML Platform Evaluation,76,2026-08-19
Landmark Systems (Prospect),Cloud Migration,67,2026-08-21
Driftwood Networks (Prospect),Data Security Compliance,74,2026-06-20
Ironclad Labs (Prospect),General Industry News,25,2026-08-10
Skyline Networks (Prospect),Cloud Infrastructure Pricing,15,2026-07-04
Questline Solutions (Prospect),Marketing Automation Tools,8,2026-06-23
Questline Solutions (Prospect),Remote Work Tools,20,2026-06-27
Highmark Solutions (Prospect),Cloud Migration,89,2026-07-11
Vireo Solutions (Prospect),Cloud Migration,90,2026-07-25
Redwood Inc (Prospect),AI/ML Platform Evaluation,6,2026-08-15
Highmark Solutions (Prospect),Marketing Automation Tools,16,2026-07-11
Yellowstone Holdings (Prospect),Cloud Migration,91,2026-06-20
Riverton Inc (Prospect),Marketing Automation Tools,16,2026-08-07
Ashgrove Solutions (Prospect),Remote Work Tools,18,2026-06-29
Questline Solutions (Prospect),Cloud Migration,77,2026-07-08
Junction Systems (Prospect),Data Security Compliance,65,2026-07-24
Fairwind Networks (Prospect),Data Security Compliance,70,2026-08-16
Questline Solutions (Prospect),Cloud Migration,74,2026-08-19
Driftwood Networks (Prospect),Data Security Compliance,81,2026-06-19
Fairwind Group (Prospect),Marketing Automation Tools,13,2026-07-12
Ashgrove Solutions (Prospect),Cloud Migration,88,2026-07-26
Vireo Solutions (Prospect),Data Security Compliance,82,2026-07-19
Yellowstone Holdings (Prospect),Cloud Migration,90,2026-07-25
Fairwind Networks (Prospect),Data Security Compliance,78,2026-06-26
Fairwind Networks (Prospect),Cloud Migration,69,2026-06-20
Driftwood Networks (Prospect),Data Security Compliance,80,2026-07-02
Elevate Technologies (Prospect),AI/ML Platform Evaluation,55,2026-06-23
Skyline Networks (Prospect),AI/ML Platform Evaluation,79,2026-08-17
Elevate Technologies (Prospect),AI/ML Platform Evaluation,6,2026-07-18
Landmark Systems (Prospect),Data Security Compliance,84,2026-08-17
Compass Labs (Prospect),Cloud Migration,72,2026-08-03
Bluepeak Group (Prospect),AI/ML Platform Evaluation,53,2026-07-08
Skyline Networks (Prospect),Data Security Compliance,86,2026-08-06
Ashgrove Inc (Prospect),Cloud Migration,80,2026-06-12
Stellar Partners (Prospect),Remote Work Tools,18,2026-07-29
Skyline Networks (Prospect),Data Security Compliance,73,2026-08-05
Union Group (Prospect),Data Security Compliance,62,2026-07-01
Union Group (Prospect),Cloud Migration,93,2026-07-18
Highmark Solutions (Prospect),Cloud Migration,80,2026-07-29
Riverton Inc (Prospect),Data Security Compliance,90,2026-06-14
Ashgrove Inc (Prospect),Cloud Migration,85,2026-06-17
Yellowstone Holdings (Prospect),Data Security Compliance,12,2026-08-15
Stellar Partners (Prospect),Cloud Migration,22,2026-08-18
Highmark Solutions (Prospect),Cloud Migration,80,2026-07-20
Yellowstone Holdings (Prospect),Cloud Migration,66,2026-07-27
Driftwood Networks (Prospect),AI/ML Platform Evaluation,65,2026-06-09
Compass Labs (Prospect),Data Security Compliance,81,2026-06-12
Fairwind Networks (Prospect),AI/ML Platform Evaluation,86,2026-06-30
Riverton Inc (Prospect),Data Security Compliance,74,2026-07-06
Riverton Inc (Prospect),Remote Work Tools,23,2026-07-24
Highmark Solutions (Prospect),Data Security Compliance,79,2026-06-13
Driftwood Networks (Prospect),Data Security Compliance,69,2026-07-18
Fairwind Networks (Prospect),AI/ML Platform Evaluation,66,2026-06-13
Junction Systems (Prospect),Cloud Migration,74,2026-07-06
Underhill Corp (Prospect),Data Security Compliance,85,2026-06-27
Riverton Inc (Prospect),Cloud Migration,14,2026-06-19
Questline Solutions (Prospect),Cloud Migration,84,2026-08-12
Junction Systems (Prospect),AI/ML Platform Evaluation,17,2026-07-13
Driftwood Networks (Prospect),Data Security Compliance,81,2026-08-05
Highmark Solutions (Prospect),Cloud Infrastructure Pricing,24,2026-06-17
Landmark Systems (Prospect),Cloud Infrastructure Pricing,22,2026-08-10
Union Group (Prospect),Data Security Compliance,62,2026-06-27
Compass Labs (Prospect),Data Security Compliance,67,2026-08-10
Underhill Corp (Prospect),Data Security Compliance,60,2026-06-08
Union Group (Prospect),Marketing Automation Tools,13,2026-07-14
Union Group (Prospect),Cloud Migration,87,2026-07-01
Clearview Group (Prospect),Data Security Compliance,25,2026-08-02
Elevate Group (Prospect),Cloud Migration,61,2026-06-27
Yellowstone Holdings (Prospect),Data Security Compliance,88,2026-08-18
Underhill Corp (Prospect),Data Security Compliance,73,2026-08-19
Skyline Networks (Prospect),Data Security Compliance,84,2026-08-11
Yellowstone Holdings (Prospect),AI/ML Platform Evaluation,93,2026-06-24
Junction Systems (Prospect),Cloud Migration,7,2026-07-06
Vireo Solutions (Prospect),Cloud Migration,89,2026-07-01
Riverton Inc (Prospect),AI/ML Platform Evaluation,73,2026-08-08
Union Group (Prospect),Cloud Migration,62,2026-08-02
Driftwood Networks (Prospect),Cloud Migration,71,2026-07-07
Fairwind Group (Prospect),Data Security Compliance,23,2026-08-07
Questline Solutions (Prospect),Cloud Migration,78,2026-06-27
Vireo Solutions (Prospect),Data Security Compliance,64,2026-07-11
Clearview Partners (Prospect),Remote Work Tools,6,2026-06-22
Underhill Corp (Prospect),Data Security Compliance,69,2026-07-05
Truenorth Group (Prospect),Marketing Automation Tools,5,2026-07-19
Elevate Group (Prospect),Cloud Migration,63,2026-07-01
Yellowstone Holdings (Prospect),Data Security Compliance,70,2026-07-23
Bluepeak Group (Prospect),AI/ML Platform Evaluation,9,2026-07-11
Underhill Corp (Prospect),Cloud Migration,72,2026-07-30
Fairwind Group (Prospect),Data Security Compliance,48,2026-07-09
Redwood Inc (Prospect),AI/ML Platform Evaluation,41,2026-06-25
Landmark Systems (Prospect),Cloud Migration,21,2026-07-17
Vireo Solutions (Prospect),Cloud Migration,91,2026-07-27
Redwood Inc (Prospect),Cloud Infrastructure Pricing,12,2026-06-25
Stellar Partners (Prospect),AI/ML Platform Evaluation,19,2026-06-11
Vireo Solutions (Prospect),Data Security Compliance,61,2026-07-18
Elevate Group (Prospect),Cloud Migration,72,2026-06-23
Driftwood Networks (Prospect),Data Security Compliance,21,2026-06-21
Elevate Group (Prospect),Cloud Migration,68,2026-07-02
Skyline Networks (Prospect),Cloud Migration,81,2026-06-19
Ashgrove Inc (Prospect),Cloud Migration,86,2026-08-13
Highmark Solutions (Prospect),AI/ML Platform Evaluation,75,2026-07-04
Fairwind Networks (Prospect),Cloud Migration,70,2026-08-21
Ashgrove Solutions (Prospect),Cloud Migration,64,2026-08-07
Union Group (Prospect),Cloud Migration,87,2026-06-15
Elevate Group (Prospect),Remote Work Tools,14,2026-07-29
Union Group (Prospect),Cloud Migration,71,2026-07-01
Yellowstone Holdings (Prospect),AI/ML Platform Evaluation,13,2026-07-07
Longview Inc (Prospect),Cloud Infrastructure Pricing,17,2026-08-09
Yellowstone Holdings (Prospect),Data Security Compliance,91,2026-07-08
Junction Systems (Prospect),AI/ML Platform Evaluation,75,2026-08-15
Junction Systems (Prospect),Cloud Migration,74,2026-06-30
Riverton Inc (Prospect),AI/ML Platform Evaluation,78,2026-08-02
Landmark Systems (Prospect),Cloud Migration,70,2026-07-17
Vireo Solutions (Prospect),Data Security Compliance,15,2026-07-01
Longview Inc (Prospect),Remote Work Tools,10,2026-06-28
Fairwind Networks (Prospect),Cloud Migration,84,2026-06-14
Fairwind Networks (Prospect),Data Security Compliance,67,2026-07-05
Landmark Systems (Prospect),Data Security Compliance,72,2026-07-01
Vireo Solutions (Prospect),Remote Work Tools,24,2026-08-15
Fairwind Group (Prospect),Data Security Compliance,56,2026-06-14
Ashgrove Inc (Prospect),Cloud Migration,85,2026-08-21
Compass Labs (Prospect),Cloud Migration,16,2026-07-09
Highmark Solutions (Prospect),AI/ML Platform Evaluation,69,2026-06-10
Elevate Technologies (Prospect),Cloud Infrastructure Pricing,13,2026-06-20
Marlin Holdings (Prospect),Marketing Automation Tools,9,2026-08-21
Yellowstone Holdings (Prospect),AI/ML Platform Evaluation,72,2026-06-08
Redwood Inc (Prospect),Marketing Automation Tools,13,2026-07-15
Skyline Networks (Prospect),Cloud Migration,65,2026-07-13
Underhill Corp (Prospect),Data Security Compliance,18,2026-06-22
Elevate Technologies (Prospect),AI/ML Platform Evaluation,60,2026-08-17
Elevate Technologies (Prospect),AI/ML Platform Evaluation,53,2026-07-02
Ashgrove Inc (Prospect),Cloud Migration,66,2026-08-12
Compass Labs (Prospect),Cloud Migration,86,2026-08-22
Yellowstone Holdings (Prospect),Cloud Infrastructure Pricing,23,2026-06-18
Clearview Partners (Prospect),AI/ML Platform Evaluation,53,2026-08-17
Ashgrove Inc (Prospect),Cloud Migration,83,2026-07-23
Union Group (Prospect),Data Security Compliance,80,2026-06-18
Wavelength Inc (Prospect),AI/ML Platform Evaluation,23,2026-06-10
Skyline Networks (Prospect),Data Security Compliance,84,2026-07-14
Ashgrove Solutions (Prospect),Cloud Migration,72,2026-07-08
Driftwood Networks (Prospect),Cloud Migration,94,2026-06-14
Compass Labs (Prospect),AI/ML Platform Evaluation,69,2026-08-01
Union Group (Prospect),Data Security Compliance,76,2026-07-02
Questline Solutions (Prospect),Cloud Infrastructure Pricing,19,2026-07-02
Longview Inc (Prospect),Cloud Migration,83,2026-07-14
Skyline Networks (Prospect),AI/ML Platform Evaluation,69,2026-07-11
Longview Inc (Prospect),Data Security Compliance,64,2026-07-29
Landmark Systems (Prospect),Data Security Compliance,7,2026-08-19
Junction Systems (Prospect),Cloud Migration,68,2026-07-23
Ashgrove Solutions (Prospect),Cloud Migration,60,2026-08-12
Union Group (Prospect),Data Security Compliance,18,2026-08-16
Clearview Partners (Prospect),AI/ML Platform Evaluation,38,2026-06-09
Clearview Group (Prospect),Cloud Infrastructure Pricing,25,2026-06-12
Fairwind Networks (Prospect),AI/ML Platform Evaluation,86,2026-07-05
Wavelength Inc (Prospect),General Industry News,6,2026-08-06
Stellar Partners (Prospect),Marketing Automation Tools,23,2026-08-17
Yellowstone Holdings (Prospect),Data Security Compliance,71,2026-06-29
Compass Labs (Prospect),AI/ML Platform Evaluation,86,2026-07-07
Ashgrove Solutions (Prospect),Cloud Migration,63,2026-07-03
Skyline Networks (Prospect),Cloud Migration,87,2026-07-01
Ashgrove Inc (Prospect),Data Security Compliance,5,2026-07-22
Union Group (Prospect),Data Security Compliance,80,2026-07-05
Questline Solutions (Prospect),Cloud Migration,75,2026-06-17
Fairwind Networks (Prospect),General Industry News,15,2026-08-12
Marlin Holdings (Prospect),General Industry News,12,2026-08-10
Marlin Holdings (Prospect),Data Security Compliance,5,2026-07-20
Union Group (Prospect),General Industry News,20,2026-07-14
Ashgrove Inc (Prospect),AI/ML Platform Evaluation,20,2026-07-20
Clearview Group (Prospect),Cloud Migration,13,2026-08-16
Questline Solutions (Prospect),Cloud Migration,85,2026-07-03
Elevate Group (Prospect),Cloud Migration,86,2026-06-14
Fairwind Networks (Prospect),AI/ML Platform Evaluation,90,2026-08-15
Compass Labs (Prospect),AI/ML Platform Evaluation,93,2026-07-20
Landmark Systems (Prospect),Data Security Compliance,63,2026-08-21
Driftwood Networks (Prospect),Cloud Migration,81,2026-06-26
Bluepeak Group (Prospect),AI/ML Platform Evaluation,49,2026-08-14
Stellar Labs (Prospect),Remote Work Tools,17,2026-06-12
Stellar Labs (Prospect),Data Security Compliance,12,2026-08-07
Underhill Corp (Prospect),Data Security Compliance,77,2026-07-19
Ashgrove Inc (Prospect),Cloud Infrastructure Pricing,10,2026-06-26
Junction Systems (Prospect),Data Security Compliance,77,2026-06-11
Driftwood Networks (Prospect),Cloud Migration,76,2026-08-18
Vireo Solutions (Prospect),Data Security Compliance,74,2026-08-14
Junction Systems (Prospect),Cloud Migration,65,2026-07-30
Vireo Solutions (Prospect),Cloud Migration,85,2026-07-24
Riverton Inc (Prospect),Cloud Migration,87,2026-06-13
Clearview Group (Prospect),General Industry News,21,2026-06-30
Vireo Solutions (Prospect),Data Security Compliance,61,2026-08-06
Riverton Inc (Prospect),Data Security Compliance,66,2026-06-22
Riverton Inc (Prospect),Cloud Migration,79,2026-06-18
Riverton Inc (Prospect),Cloud Migration,71,2026-06-29
Driftwood Networks (Prospect),General Industry News,20,2026-06-29
Highmark Solutions (Prospect),AI/ML Platform Evaluation,69,2026-07-18
Fairwind Networks (Prospect),Data Security Compliance,79,2026-06-19
Riverton Inc (Prospect),Cloud Migration,85,2026-08-09
Compass Labs (Prospect),Cloud Migration,65,2026-07-16
Underhill Corp (Prospect),Cloud Migration,65,2026-08-09
Junction Systems (Prospect),AI/ML Platform Evaluation,68,2026-06-10
Truenorth Group (Prospect),Remote Work Tools,25,2026-08-22
Junction Systems (Prospect),AI/ML Platform Evaluation,79,2026-07-09
Yellowstone Holdings (Prospect),Cloud Migration,70,2026-07-13
Highmark Solutions (Prospect),Data Security Compliance,86,2026-08-16
Landmark Systems (Prospect),Cloud Migration,60,2026-07-14
Vireo Solutions (Prospect),Cloud Migration,87,2026-07-22
Longview Inc (Prospect),Cloud Migration,6,2026-07-22
Stellar Labs (Prospect),Cloud Migration,68,2026-07-09
Ashgrove Inc (Prospect),Cloud Migration,5,2026-07-29
Riverton Inc (Prospect),Data Security Compliance,84,2026-07-22
Driftwood Networks (Prospect),AI/ML Platform Evaluation,79,2026-06-15
Highmark Solutions (Prospect),Cloud Migration,79,2026-06-10
Highmark Solutions (Prospect),AI/ML Platform Evaluation,94,2026-08-20
Compass Labs (Prospect),Cloud Migration,86,2026-07-02
Highmark Solutions (Prospect),Data Security Compliance,85,2026-07-20
Fairwind Networks (Prospect),Data Security Compliance,70,2026-07-29
Ironclad Labs (Prospect),Remote Work Tools,15,2026-08-02
Ashgrove Inc (Prospect),Cloud Migration,73,2026-08-21
Driftwood Networks (Prospect),Data Security Compliance,81,2026-06-24
Vireo Solutions (Prospect),Data Security Compliance,94,2026-08-08
Union Group (Prospect),Remote Work Tools,24,2026-06-23
Skyline Networks (Prospect),Cloud Migration,82,2026-06-12
Compass Labs (Prospect),Data Security Compliance,74,2026-06-28
Elevate Group (Prospect),Cloud Migration,83,2026-08-01
Riverton Inc (Prospect),Cloud Migration,92,2026-08-19
Stellar Labs (Prospect),Cloud Migration,82,2026-07-01
Compass Labs (Prospect),Cloud Migration,89,2026-07-15
Compass Labs (Prospect),AI/ML Platform Evaluation,24,2026-07-21
Driftwood Networks (Prospect),Cloud Migration,78,2026-06-13
Fairwind Networks (Prospect),Remote Work Tools,15,2026-06-08
Ashgrove Inc (Prospect),General Industry News,7,2026-08-02
Longview Inc (Prospect),Cloud Migration,77,2026-08-01
Redwood Inc (Prospect),Remote Work Tools,13,2026-06-29
Fairwind Group (Prospect),Cloud Infrastructure Pricing,25,2026-08-19
Riverton Inc (Prospect),Data Security Compliance,91,2026-06-15
Highmark Solutions (Prospect),Data Security Compliance,76,2026-07-30
Highmark Solutions (Prospect),Cloud Migration,89,2026-07-18
Skyline Networks (Prospect),General Industry News,16,2026-07-13
